feature,importance
age,0.0329713772182231
smokes_per_day,0.027437622525664732
annual_income_usd,0.027410518181365064
bmi,0.023411539152477373
sleep_hours,0.0215079944187356
country_British Indian Ocean Territory (Chagos Archipelago),0.017061063173539105
age_started_drinking,0.01685892956329963
children_count,0.014778589926219169
drinks_per_week,0.013424438099504736
marital_status_married,0.013164897221350376
attempts_to_quit_smoking,0.01305839187387914
age_started_smoking,0.0127983102157622
country_Cyprus,0.011661861838654367
attempts_to_quit_drinking,0.011098104706458679
country_Uzbekistan,0.009944307926723777
country_Micronesia,0.009406923964973146
country_Vietnam,0.00936685222553339
country_India,0.008897994689931426
employment_status_unemployed,0.008344015483434747
country_Bahrain,0.007710264934523973
country_Latvia,0.0075262955245070295
country_Spain,0.0074808869295007
gender_male,0.007429712542052523
country_Burkina Faso,0.007182458943655772
country_Guam,0.006750456379461995
gender_other,0.006637662457946152
exercise_frequency_never,0.005633978334939411
country_Cuba,0.005429524421763704
diet_quality_average,0.005250531035352072
mental_health_status_poor,0.0049006669615488
country_Qatar,0.004813553113462443
country_Portugal,0.0047844026641783634
country_Guernsey,0.004493860812243786
country_Angola,0.004430589142040129
therapy_history_Past,0.004310618086743916
therapy_history_Current,0.004274389462490119
country_American Samoa,0.0041452213717784025
country_Algeria,0.00411282543770205
country_El Salvador,0.0038925853007857622
country_Marshall Islands,0.003811517651182305
country_Lebanon,0.0036795578043022463
education_level_college,0.0036072994494305752
country_Northern Mariana Islands,0.0035951608595811047
exercise_frequency_weekly,0.003564129814857426
marital_status_in a relationship,0.0035121395672071845
employment_status_student,0.0034586555735870938
exercise_frequency_daily,0.003407594961511106
country_Israel,0.003301965168358083
country_Cambodia,0.003290538260054418
country_Bangladesh,0.0032830232101308133
country_Burundi,0.003201354344599296
country_Vanuatu,0.003128632503104071
marital_status_divorced,0.0031204422769331597
country_Aruba,0.003090611470259054
diet_quality_good,0.0030901487716332166
gender_female,0.0030758496549917773
diet_quality_poor,0.003069034806999021
education_level_high school,0.003060924875548694
employment_status_employed,0.003008319823088595
country_Holy See (Vatican City State),0.002977742472972094
country_Heard Island and McDonald Islands,0.0028979614925942723
country_New Zealand,0.0028514085628391843
country_Brazil,0.002836605255387503
country_Bulgaria,0.002835433067026502
mental_health_status_average,0.0028106341403676123
country_Argentina,0.0028023360834228605
exercise_frequency_rarely,0.0027610739790212007
country_Malaysia,0.00276087278770645
country_Saudi Arabia,0.002735446340647125
education_level_postgraduate,0.0027196095746794295
country_Samoa,0.002681558452392386
country_Eritrea,0.002679762691411577
country_Singapore,0.0026615811731105763
mental_health_status_good,0.0025969081411308945
country_Lao People's Democratic Republic,0.0025906933113267836
country_Indonesia,0.0025793410264086853
country_Sierra Leone,0.002551439348035134
country_Oman,0.002542016524004082
country_Georgia,0.0025040145446347337
education_level_secondary,0.00248258536002523
education_level_primary,0.002451004586926953
employment_status_retired,0.002449844340127006
country_Niue,0.00243333807135851
city_New Christopher,0.002426119723385501
country_Turkey,0.0024173647882671334
country_Solomon Islands,0.0024133198403480625
country_Zambia,0.0023580643823012917
country_Pakistan,0.0022884859895066457
country_Anguilla,0.0022741922035673136
country_Djibouti,0.0022661299678724896
country_Ghana,0.002241125183833413
country_Slovakia (Slovak Republic),0.002202000586949278
marital_status_single,0.002182223599971687
country_Zimbabwe,0.0021545907699162046
employment_status_self-employed,0.002151114035466092
country_Cook Islands,0.002150068325867524
country_Kyrgyz Republic,0.0020503091615730056
country_Falkland Islands (Malvinas),0.00201473945472993
country_South Georgia and the South Sandwich Islands,0.0019636518838460656
country_Mexico,0.0019446958378207472
country_Guinea-Bissau,0.0019413554240036537
country_Switzerland,0.0019289818950456153
country_Uganda,0.0019093822959122457
city_Port Ryan,0.0018554604704511886
country_Haiti,0.0018298602784085156
country_Azerbaijan,0.0018235469913096018
education_level_university,0.0018201094115878143
city_Lake Michaelbury,0.0018141178259884335
country_Cameroon,0.0018001218726758413
country_Liberia,0.0017949440610491722
city_Ryanborough,0.0017927602402106112
marital_status_widowed,0.0017135135223401263
country_Syrian Arab Republic,0.0016730061808214005
city_Claytonmouth,0.0016460383337031255
country_Belarus,0.0016344424529964863
country_Greece,0.0016139556188560424
city_Lake Tiffany,0.0016100432633545721
country_Puerto Rico,0.001595983116783385
country_Belgium,0.0015880142028455867
country_Bahamas,0.0015815169347853048
country_Afghanistan,0.0015632837107000042
country_Moldova,0.0015461522016414655
country_Kiribati,0.0015364418334514903
city_Smithmouth,0.001532125925177696
country_Cocos (Keeling) Islands,0.0015247296249534946
city_New Michael,0.0015158860114677082
country_South Africa,0.0015155904443259268
country_United States of America,0.001514870570449138
city_Thompsonport,0.0015039070174949598
country_Nauru,0.0014968255258210328
city_East John,0.001496061047782724
country_Cayman Islands,0.0014906162695579857
city_New Danielle,0.0014838370848149628
country_Rwanda,0.001477303317161533
country_Paraguay,0.0014540355367045246
country_Palau,0.0014452791393741087
country_Montenegro,0.0014147675107060785
city_Hoville,0.001395808267012322
country_Turks and Caicos Islands,0.0013828930880562008
country_Nicaragua,0.001377670369202132
country_Myanmar,0.001376717087142931
country_Faroe Islands,0.0013638753306934868
country_Grenada,0.0013632080470977765
city_Millershire,0.0013319600291277823
country_Ethiopia,0.0013209499065470474
country_Kenya,0.0013022852666438166
country_United States Virgin Islands,0.0012775117621252215
country_Barbados,0.001255353585187983
city_West Heather,0.0012537879860257597
country_Reunion,0.0012522778227990856
country_Mongolia,0.0012493305112067112
country_Venezuela,0.0012493040298635044
city_South Laura,0.001241849946191338
country_Lithuania,0.0012298490587463184
city_Brownmouth,0.0012212064271903062
country_Benin,0.001218853177731844
country_Mauritania,0.0012150697221658083
city_Jacquelineport,0.0012124606251570538
city_Reyesfurt,0.0012016102191155036
country_Gambia,0.001193694858069225
country_Hong Kong,0.0011933837970808953
country_Honduras,0.0011929314996742045
city_New Jonathan,0.0011829014729096787
country_Thailand,0.001177100235570783
country_Norway,0.0011770384168283705
country_Central African Republic,0.0011667514243201254
country_Maldives,0.0011664978603892632
country_Togo,0.0011633149878515628
country_Bermuda,0.00115336251018575
country_Peru,0.0011521242373582056
country_Fiji,0.001146177062324326
country_Iraq,0.0011222829434675706
city_East Anne,0.0011222301240366903
country_Armenia,0.001108217718523261
city_West Scottmouth,0.0011077147317468032
country_Uruguay,0.001105625535026556
country_Saint Barthelemy,0.0010827226330894558
country_Madagascar,0.001081204297890961
country_Ecuador,0.0010683741002187124
country_Bosnia and Herzegovina,0.0010581956912273217
city_Lindaport,0.0010553848412164326
country_Antarctica (the territory South of 60 deg S),0.0010397678336836014
country_Palestinian Territory,0.0010278121549386827
country_Mozambique,0.0010223146834810058
country_French Southern Territories,0.0010094602026408455
country_Swaziland,0.0010093330144860197
country_United Arab Emirates,0.0010034519883012599
city_Harrymouth,0.000991294625467683
city_Lake John,0.0009779708715371633
country_Costa Rica,0.000967440349029026
country_Poland,0.0009662627102814784
city_Port Erin,0.000956632615642915
city_Amandamouth,0.0009507057758809694
country_Iceland,0.0009487164290450614
country_Luxembourg,0.0009472035319926433
country_Congo,0.0009401344334958613
country_Korea,0.0009389280219438474
city_Jennifermouth,0.0009303335792791894
country_Senegal,0.0009234757557102107
country_Russian Federation,0.0009114436990201754
country_Italy,0.0009021956275335125
city_South Catherine,0.0009010568909131456
country_United Kingdom,0.0009008966613569093
city_New Stevenville,0.000895132106253462
country_Ireland,0.0008932251815848824
country_Turkmenistan,0.0008896462203277421
country_Wallis and Futuna,0.0008799065140336646
city_North James,0.0008560414625325683
city_Carterborough,0.0008548342042979766
country_Libyan Arab Jamahiriya,0.0008531049208349049
country_Iran,0.0008502806170442704
city_Jessicaburgh,0.0008501762642096126
city_Port Kelly,0.0008497497846977648
country_Malta,0.0008434008708725403
city_West Jessica,0.0008397326537671705
country_Tokelau,0.0008368766952116449
country_Antigua and Barbuda,0.0008350757222158813
city_East Timothy,0.0008332258635527379
country_Jersey,0.0008270092343944202
country_France,0.0008246659651886618
city_Jonesmouth,0.0008233953295129477
city_Port Lindsay,0.0008163323773009239
country_Somalia,0.0008077492190638627
country_Ukraine,0.0008019609873319719
country_New Caledonia,0.0007980656617589145
city_Lake Richard,0.0007934474741196482
country_Tuvalu,0.0007903077357060701
country_Saint Vincent and the Grenadines,0.0007714529862450181
country_Lesotho,0.0007691459835637669
country_Saint Martin,0.0007688116070040117
city_Allenhaven,0.0007654923319456375
country_Slovenia,0.0007641486952367292
country_Papua New Guinea,0.0007580232470074323
city_South Sandra,0.0007565662910041438
city_South Haley,0.000746433463899458
city_Halehaven,0.0007422802836200243
city_Port Shanehaven,0.0007316731719347204
country_Isle of Man,0.0007278325953001642
country_Jordan,0.0007254435035903161
country_Philippines,0.0007249465293079281
city_Lake Jamesland,0.0007241984906269618
city_West Nicole,0.0007205254173766731
country_Chile,0.0007175618151418333
country_Albania,0.0007039533471000802
city_Gloriahaven,0.0007007359027447006
city_North Lisa,0.0006953830525596547
city_East Brooke,0.000691685146897441
country_Hungary,0.0006914246256151882
city_Rhondabury,0.0006779261027513054
country_Colombia,0.0006769551849506202
city_Melissaborough,0.0006735690030175181
city_North Lauren,0.0006734621517725524
country_Macao,0.0006724839536484516
city_Mclaughlinshire,0.0006721931759489733
city_Port Michaelland,0.0006714170849620332
city_Hernandezton,0.0006681729893609838
country_Greenland,0.000665597603616178
city_Howellland,0.0006608363122811476
country_Croatia,0.0006607236310259007
country_Sweden,0.000660174606103455
country_Serbia,0.0006595843473003498
city_Port Michael,0.0006514450457864889
country_Czech Republic,0.0006446798562068142
country_French Guiana,0.0006409879641327083
city_Kimberlyview,0.0006393077565990162
city_Alvareztown,0.0006344693673880124
city_Aprilborough,0.0006338536121611245
city_New Marthaside,0.0006267571862406399
city_South Christopherville,0.0006252614831190668
country_Sudan,0.0006251316920762939
city_Lake Chrismouth,0.0006181104551518623
city_Lake Brianmouth,0.0006160276950324019
city_Jessicaland,0.0006151391239352824
city_Evansstad,0.0006146854521441285
country_Netherlands Antilles,0.000613022098013587
country_Estonia,0.000612322365968613
city_Davidfurt,0.0006107059564088564
city_Port Shelleyview,0.0006103558095584795
country_Malawi,0.0006100568673092648
country_Morocco,0.0006086589858701469
city_Johnsonfurt,0.0006059188377967986
city_Lake Betty,0.0006010216306261202
city_Joneston,0.0006005023243061722
city_Port Kimberly,0.0005976302000318644
country_Martinique,0.0005885504244902492
city_New Teresa,0.0005860140048705016
country_United States Minor Outlying Islands,0.0005835713106371878
city_Josephshire,0.0005829136014282954
city_Loganshire,0.0005825546311718314
country_British Virgin Islands,0.0005820416799992668
country_Guyana,0.0005786425083187532
city_Mcculloughfurt,0.0005786329487261745
city_North Leah,0.0005780041023525369
country_Mali,0.0005777310722716088
city_Kanemouth,0.0005768561860423087
city_Josephmouth,0.0005687316855407954
country_Jamaica,0.0005685301108305059
country_Netherlands,0.0005639889942468288
country_Dominica,0.0005615868138912117
city_Derrickstad,0.0005603535604081154
country_Austria,0.000559714177992056
city_Dukeberg,0.0005542090405560998
city_North Michaelberg,0.0005512076440028796
country_Egypt,0.0005496361951791751
city_Alexandramouth,0.0005495218041417089
city_East Jessicaside,0.0005454118515102155
city_Wendyville,0.0005445972302313448
city_Chapmanton,0.0005407071698051002
city_South Chadchester,0.0005396783192378279
city_Danielsbury,0.0005394340233389374
city_Lake Taraton,0.0005367697509284363
country_French Polynesia,0.000535182155980114
city_Andrefort,0.0005325526752746163
city_Port Elizabeth,0.0005304554373765867
country_Australia,0.000529916002947602
city_Scotttown,0.0005288637760111195
city_Brendastad,0.0005262843392359335
city_East Matthewville,0.0005259610398061963
city_Stacyfurt,0.0005256473351907665
city_New Andreafurt,0.0005254398496339121
city_Hodgesport,0.0005198513831331142
city_Lake Michaeltown,0.0005176753865781987
city_South Nicoleview,0.0005173100970291953
city_North Mitchellview,0.0005124142791741971
city_Lake Stacey,0.0005089980818744879
country_Bouvet Island (Bouvetoya),0.0005080970720921776
city_North Tiffanyhaven,0.0005072473028652992
city_West Alec,0.0005069812990780898
country_Denmark,0.0005060043822495916
city_Lake Sonyafort,0.000505796910876381
city_North Oscar,0.0005035086710994289
city_Walkerland,0.0005018446143442382
city_South Brian,0.0005013530580969945
city_Lake Sheila,0.0005012401369064869
city_Wilsonfort,0.0004993923939027391
city_Waltonshire,0.0004968767105909209
city_Lake Dawn,0.0004957832969381595
city_South Lisa,0.0004955550757894543
city_West Christopher,0.0004927641005508772
city_South James,0.0004925142792448816
city_Hunthaven,0.000491218157725715
city_West Bryanfort,0.0004874232421788149
city_Lake Jeremy,0.000485638653665415
city_Mccannborough,0.0004838752329910726
country_Saint Helena,0.0004821121491844334
city_East Stevenmouth,0.0004810453066489627
city_Hendersonmouth,0.00047987810001422985
city_West Alexandrafurt,0.00047841719984873
city_East Annbury,0.0004771651300099272
city_West Timothyberg,0.0004755541664567121
city_East Michaelshire,0.0004736908285403948
city_East Jesseshire,0.00047298856919134285
city_Conleyshire,0.0004717158933080525
city_South Kimside,0.0004707534266865744
country_Svalbard & Jan Mayen Islands,0.00047036677616912626
city_Port Philip,0.0004694618934231248
city_Port Daniel,0.000468045764712111
city_New Emily,0.0004669134035170722
city_Lake Cassie,0.0004657602397387119
city_Kevinmouth,0.0004631336595686178
city_West Joseph,0.00046303758796170045
country_Suriname,0.00046233835445308474
city_South Jill,0.0004619750252397943
city_South Shawnport,0.00046078024416915326
city_New Timothyside,0.0004592241015553333
country_Japan,0.00045859188489926573
city_South Jeffrey,0.000457806342538579
city_Steventown,0.00045719760374858927
country_Gabon,0.0004554369722578832
city_Port Walterville,0.0004549615416981018
city_Lindashire,0.000453898664800283
city_South Alexishaven,0.00045388310348876235
city_Debraberg,0.0004532327411979049
city_Taylorland,0.000453134892483804
city_Tranfurt,0.00045283808266568615
city_West Timothybury,0.00045277831672695964
city_Allisonchester,0.0004506656100801226
country_Timor-Leste,0.0004505059005896809
city_Port Jeffreyland,0.00044990243196965917
city_East Derekport,0.0004489914992088279
city_Pateltown,0.0004486079767392257
country_Christmas Island,0.00044394455179853725
city_Lake Thomas,0.00043914068519314774
country_Tonga,0.0004390043701232205
city_Brownside,0.000435968887827971
city_Allenfort,0.00043187217156720627
city_West James,0.00043136679967619416
city_Johnmouth,0.0004298830698965704
country_Brunei Darussalam,0.0004293832080848491
city_North Jeanette,0.0004284608105017155
city_West Nathanville,0.0004244342906987502
city_Jonesstad,0.0004230381950837361
country_Pitcairn Islands,0.00042005057071051145
city_Elizabethborough,0.00041999903238250515
city_North Samanthatown,0.0004181241525022768
city_Youngbury,0.0004168061918013112
city_Nguyenberg,0.00041423406322591195
country_Yemen,0.00041273752953056554
city_Georgemouth,0.00041235992517140834
city_Brandonhaven,0.0004118334209556306
city_Port Marcus,0.0004105996511638361
city_South Kathy,0.00041042794552031915
city_Phillipside,0.00040752630907506574
city_Kellerhaven,0.0004064059696311104
city_Port Seanhaven,0.00040553061197158417
country_Belize,0.00040539469890786794
city_Jamesfort,0.0004044194268470328
city_Bryanmouth,0.00040261388072713105
city_Stevenshire,0.00040105742756150423
city_Carlosside,0.00039999477622973417
country_Niger,0.00039842291121915607
city_Port Brian,0.00039805552899260934
city_Travisshire,0.0003958487058367255
country_Canada,0.0003958069706376055
city_Dustinchester,0.00039534819105592
city_Deniseborough,0.00039421587673915887
city_Bradleyton,0.00039175399624892917
city_South Sarahshire,0.00039157721487964093
city_Janetberg,0.00039081163064538836
city_Colemanton,0.0003902031207771642
city_Cherylmouth,0.0003899024129172435
country_Kuwait,0.0003898987029410929
city_Lake Derek,0.00038961507760069757
city_East James,0.00038910541502808915
city_Holmeston,0.00038684737205032474
city_North William,0.0003862772225820495
city_Johnsonstad,0.0003859951447559341
city_Lake Brandonmouth,0.0003853432751880179
city_New Robert,0.0003848022481219685
city_Kimberlyland,0.00038477611322991804
city_Jacobburgh,0.00038377834066937757
city_South Daniel,0.000382604980642377
city_Wilkinsborough,0.00038254369048422877
city_Alexabury,0.0003825217804520117
city_Port Allison,0.00038042550715330464
city_South Caroltown,0.0003799507754467499
city_Kristiburgh,0.00037900701770966484
city_East Jeffreyton,0.00037609438864847136
city_Martinmouth,0.00037590643440154893
city_South Ellen,0.0003750241206845367
city_Kellyton,0.0003739954524559023
city_Tammyview,0.0003730318071490574
country_Tajikistan,0.0003730310480390231
city_Lake Michael,0.0003729357863248508
city_Barkerburgh,0.00037197737231629504
city_Lake Jeremyfurt,0.00036986814176347355
city_Brendaland,0.00036905275598538587
city_South Allen,0.00036867510187628535
city_East Derekton,0.0003684528754544193
city_Williamfurt,0.00036817814326135334
city_Melaniemouth,0.0003678178912668464
city_Port Bryceport,0.00036730537279645593
city_Aaronland,0.00036721410442589684
country_Montserrat,0.00036649402868702685
city_Ayersside,0.00036634811115744307
city_East Jeffrey,0.0003656136845928578
city_South Ericborough,0.0003653988073402088
city_Hughesburgh,0.0003639317603152954
city_North Theresa,0.00036380885781940077
city_Pachecoborough,0.0003626899196123957
city_Rodriguezmouth,0.00036262520579956325
country_Cape Verde,0.00036251426760570943
city_Lake Rebeccaland,0.0003624012420419419
city_Lynnmouth,0.00035817493133249035
city_Jeffreytown,0.000358039609228239
city_Kimberlyburgh,0.0003577180570504604
city_East Steven,0.0003574459378041447
city_Stevenview,0.0003567954516579184
country_Mayotte,0.0003561185392101447
city_North Monica,0.00035566727908899117
city_Lanetown,0.0003544556742209669
city_Lake Robert,0.00035333376930906117
country_Cote d'Ivoire,0.0003527253045067319
city_Jerryview,0.00035192960017982165
city_North Elizabethville,0.00035133503899940053
city_Wagnerland,0.0003511098942041816
country_Sao Tome and Principe,0.00034850550604437707
city_Ramosmouth,0.00034708514188807194
city_Lake Wesleyview,0.00034708268680636376
city_Hortonfort,0.00034679401363280527
city_Jonesshire,0.00034670812737799556
city_Port Sabrina,0.00034536656439095487
city_Matthewshire,0.00034423586935482036
city_Michaelfort,0.0003441490092344497
city_North Jaredside,0.00034354993493822386
city_South Tonyabury,0.0003434787641945718
city_Gloverfort,0.000343402794868448
city_West Matthew,0.0003431102194883134
city_New Joshuaberg,0.00034306059139223294
city_North Josephland,0.00034304189163552793
city_South Scott,0.0003429274076324
city_Michaelmouth,0.0003411543513459476
city_New Maria,0.00033923494254708313
city_North Nicolefort,0.0003377824738875099
city_Hansonshire,0.0003375427215321516
country_Bolivia,0.000335295918157085
city_Jeffreyton,0.00033486793911317875
city_South Joshuaville,0.00033438688401487453
city_Paultown,0.0003342198422978643
city_Luisfort,0.0003315173804096381
city_West Arthur,0.00033140461086128504
city_Jameston,0.000330106058158216
city_Reginaldburgh,0.00032904852274881556
city_New Anthony,0.00032867310026960363
city_Phillipsport,0.0003273183205357703
city_Port Michaelborough,0.0003268819170946004
city_East Derek,0.0003260976612382158
city_West Pamela,0.00032502204522674304
city_Lake Kristenton,0.0003231975650328712
city_Manningside,0.0003224408606474003
country_Macedonia,0.00032113635556400974
city_Williamville,0.00032101604944187267
city_Danielchester,0.0003208466170678538
city_East Jonathanmouth,0.0003206261337507791
city_Erikport,0.00031989873809732473
city_Martinbury,0.0003197524349473692
city_Tinatown,0.00031961492148862517
country_Saint Pierre and Miquelon,0.00031888793882907705
city_New Tyrone,0.0003185704648419568
city_Smithborough,0.00031855705234499224
city_Jacksonborough,0.0003176472068938592
city_Jamesmouth,0.00031527148419400997
city_Hamiltonbury,0.00031508161069534633
city_North Alexanderberg,0.0003148785283442802
city_Rochafurt,0.0003147680115988232
city_South Robertshire,0.00031432517292678504
city_South Michaelhaven,0.0003141534305823774
city_North Cynthiaberg,0.00031284169352431107
city_East Staceystad,0.0003127215183186482
city_West Michelehaven,0.00031068412687216776
city_Lake Spencer,0.000310565954475968
city_Silvaport,0.0003104757277383225
city_East Carolyn,0.0003063775578757134
city_Kendrafort,0.0003060799051229388
city_Morganville,0.00030534226623544364
city_South Sarah,0.00030527310727737573
city_South Shawn,0.00030494497507856284
city_Ingrambury,0.00030463334594345385
city_New Xavierchester,0.0003022654053970184
city_New Joymouth,0.0003022319731379405
city_Wongstad,0.00030117508178931815
city_East Mark,0.00030095607945887124
city_Jennyside,0.00030091513701180274
city_Brucehaven,0.00030085753824805845
city_Codybury,0.0003000717644847618
city_Kaylachester,0.0002992595898676838
city_Meganside,0.000297305714656417
city_Ashleymouth,0.00029712542332668656
city_Mccannfurt,0.0002969220806990294
city_Willisshire,0.0002966442229797627
city_Nicholasburgh,0.00029652055351429114
city_Clarkton,0.0002963999954568285
city_Landrybury,0.0002947202383413341
city_Lake William,0.0002946823522776931
city_Juanmouth,0.000294371092983506
city_East Kayla,0.0002938484938553002
city_Kevinburgh,0.0002937017155958414
city_Campbellborough,0.00029341609701321957
city_Marshallmouth,0.0002930273567895942
city_Hernandezland,0.00029098035906417936
city_South Kelly,0.0002905417203941467
city_Jacksonhaven,0.00028985399345832056
city_Tonifort,0.0002894291243197434
city_Smithfurt,0.0002893479293937694
city_Jonestown,0.0002892767605298557
city_Paulmouth,0.00028900346915165955
city_North Christopherchester,0.00028884978433968054
city_New David,0.0002885103446863775
country_Liechtenstein,0.00028801471629877974
city_West Tracy,0.0002877116683750944
city_Hendersonfurt,0.0002876969470926931
city_Taylorside,0.00028696778262783635
city_Wademouth,0.0002861790928030036
city_Bruceburgh,0.0002846607933579414
country_Trinidad and Tobago,0.00028432956663193337
city_Harpermouth,0.0002839518649876147
city_Duarteberg,0.00028379142643539625
city_Johnfort,0.0002830109433465507
country_Gibraltar,0.0002825656116457204
city_South Kimberlymouth,0.00028147769218905084
city_West Johnhaven,0.000281147669695072
city_South Rebeccahaven,0.0002804698828682367
city_Jimeneztown,0.00028013794375100553
city_West Stephenchester,0.00027972039563318416
city_Murphyton,0.0002792605694920346
city_Eddieburgh,0.0002792186986094898
city_Garrettview,0.00027796231728301825
city_West Jefferyside,0.00027753298873279175
city_South Williamfort,0.0002773846337556576
city_Amberchester,0.00027689228637269806
city_Port Sherri,0.0002768485317150767
city_Mooremouth,0.00027490970323052925
city_Lynchton,0.00027383501645094824
city_Bassshire,0.00027351075635501543
city_New Timothy,0.00027350267633688993
city_Lake Michellefurt,0.00027319545031558344
city_North Ashley,0.00027271684231337497
city_East Rebeccaberg,0.00027270654906147955
city_West Jenniferside,0.00027248007779546025
city_New April,0.0002718115187247696
city_West Rachel,0.00027145831992085915
city_North Eugene,0.00026920675633782584
city_Lauraview,0.0002687467628787418
city_Port Williamville,0.00026844181340372953
city_South Nathanhaven,0.00026824190401084785
city_New Jeffery,0.0002682088131470563
city_Stephenfort,0.0002673347910525133
city_Lake Danielberg,0.0002662763513304186
city_West Cindyberg,0.0002655700050193726
city_Gracefort,0.00026554590186257215
city_Banksmouth,0.00026517364550863917
city_North Rachel,0.00026485548705850045
city_West Ashley,0.00026436643085635123
city_Priceton,0.0002634189592342784
city_Coreybury,0.0002619697299280437
city_Hudsonside,0.0002610677618766962
city_Tannermouth,0.00026033299139863577
city_New Ian,0.00025973424903534347
city_Christianberg,0.0002588974643272334
city_Port Shannonberg,0.0002588643241576247
city_Dwayneburgh,0.0002588536694480845
city_Carlamouth,0.00025870449669555053
city_Lake Christopher,0.0002586963861671329
city_West Patricia,0.00025867791455970056
city_Port Davidhaven,0.0002582856856410066
city_Kristenborough,0.0002578970280204791
city_North Danielville,0.0002557987100036961
city_East Elizabethside,0.00025559486323843017
city_West Kenneth,0.00025535629804970155
city_Ethanborough,0.0002553342355203784
country_Nepal,0.0002550941439952339
city_East Stephaniefort,0.0002549679593155102
city_Port Bradley,0.00025490170621695425
city_Moyertown,0.00025419539460552857
city_East Ryanmouth,0.00025401722767789443
city_East Tonya,0.0002528011519671055
country_Finland,0.000252117513384082
city_Gibsonview,0.0002514667135073599
city_North Matthew,0.000250072831420715
city_Scottchester,0.00024914695890251317
city_Lake Cassandraport,0.0002477547301982537
city_Gamblehaven,0.0002476305909571495
city_East Charlenebury,0.00024741321646410764
city_Lynnland,0.00024486911635575754
city_Baldwinshire,0.0002447901887917042
city_Port Lisaberg,0.00024445365856547705
city_East Nicholeview,0.0002442738457543171
city_Ruiztown,0.00024420926035028355
city_East Jennaville,0.0002437454514365941
city_Crystalfort,0.00024326663571299558
city_East Martin,0.00024311799021667948
country_Saint Kitts and Nevis,0.0002423201500809472
city_Port Amyshire,0.00024230176743436199
city_Hunterhaven,0.00024183922560672177
city_South Charlesborough,0.0002418109041206317
city_West Hollyfort,0.0002417990063163307
city_Shepardchester,0.00024062327980731334
city_New Timothyhaven,0.00024029085243771448
city_South Lauramouth,0.0002402809388437207
city_New Laurie,0.0002399156297380192
city_Snowburgh,0.00023938674708076158
city_Solomonhaven,0.00023862085496973343
city_Benderchester,0.00023853238187349454
city_Robertsborough,0.00023831865277698362
city_Jasminehaven,0.000237661730457961
country_Guadeloupe,0.00023718474762291893
city_Lake Matthewtown,0.00023711559428175186
city_Heatherburgh,0.00023708014447995274
city_Danielland,0.00023702249459145797
city_West Daniel,0.0002365056116760373
city_East Karen,0.00023602975833027752
city_Tarahaven,0.00023571490379206708
city_Kingchester,0.0002352254827147663
city_Melissabury,0.0002346766818707286
city_North Jose,0.00023396290475889527
city_East Markmouth,0.00023319450944945586
city_Lake Johnny,0.00023317028392372548
city_Rossbury,0.00023307938327533342
city_South John,0.0002329016502715339
city_Chavezburgh,0.0002328460251892196
city_Abigailbury,0.0002320995431833754
city_New Austin,0.00023197155842084028
city_South Jonport,0.00023175941682556308
city_Smithville,0.0002317109388266844
city_Shaunport,0.00023085740876153715
city_Paulchester,0.00023069726918430473
city_Brettview,0.00023057158799676388
city_West Jessicaport,0.00023055494690999405
city_Mcdonaldview,0.00022938158554924791
city_West Erictown,0.00022937127694275906
city_Lake Bradleyport,0.00022924518906571547
city_Lake Karaville,0.00022877853734530907
city_Port Latashaberg,0.0002285014779268203
city_New Dianaland,0.00022831738763362611
city_West Samuel,0.00022680132373426048
city_East Williamberg,0.0002262964264804165
city_Port Julieside,0.00022482882090477764
city_Josephview,0.0002247428225139562
city_Emilyshire,0.000224720457402607
city_South Carolynmouth,0.00022447603872141687
city_Elizabethburgh,0.00022372655860892248
city_Browntown,0.0002228960308209798
city_Taraborough,0.0002221769765587246
city_North Scottfort,0.00022211272744836766
city_Fieldsport,0.00022206874679229333
city_Lake Williamburgh,0.00022165212455191918
city_North Laura,0.00022101621624760087
city_Elizabethmouth,0.00022052794797984259
city_Martinezchester,0.00022019946706237862
city_Michaelland,0.00021981329482346598
city_South Elizabethbury,0.0002192403357278061
city_Aliciabury,0.00021849769480346873
city_Kathleenside,0.00021775881816261765
city_West Benjamin,0.00021775538683454276
city_Jaredhaven,0.00021774701250331508
city_Port Pamela,0.00021756750867419605
country_Equatorial Guinea,0.00021753851092553544
city_Nicholasmouth,0.00021729794157841526
city_West Nicolehaven,0.00021719120740357054
city_South Douglas,0.00021691925905862182
city_Clarkfurt,0.00021691301696861884
city_East Amber,0.00021678193635137405
city_Thomasland,0.00021642789549253849
city_Perkinsport,0.00021612590290114307
city_Joseton,0.00021609535085809382
city_Welchtown,0.00021558883473315752
city_Burkehaven,0.00021550291863060958
city_Melissaberg,0.0002152264107305132
city_Kingburgh,0.0002145525419122148
city_North Tracyton,0.00021416424686829385
city_Williamsmouth,0.0002139184807436237
country_Norfolk Island,0.0002137537613540276
city_Clarkborough,0.00021269551333908792
city_East Wesleyville,0.00021231154325006488
city_Michellechester,0.00021203260433452997
city_West Margaretshire,0.00021174230003256605
city_South Jamesland,0.00021155919108289292
city_Cherrymouth,0.00021148937321749503
city_Prestonland,0.00021116285982048985
city_Danielville,0.0002106331365765372
city_Ianburgh,0.00021036459817272093
city_New Lori,0.00021009757668197476
city_Lake Tamarahaven,0.0002096706519343153
city_Breannaberg,0.00020958703002684967
city_Cannonfurt,0.00020955636805721975
city_Carolineburgh,0.0002088453269101163
city_Lake Tracey,0.0002082386632226131
city_Davisbury,0.00020802274622854533
city_Justinfurt,0.00020746859419860749
city_Port Josephview,0.00020725425628703267
city_Colefort,0.0002072064944337241
city_East Wendyhaven,0.0002070617581414647
city_Lake Brett,0.0002069317193753415
city_Lake Jenniferburgh,0.00020673485913693507
country_San Marino,0.00020624824362338375
city_New Jonathonhaven,0.00020607705458969917
city_Valenciamouth,0.00020582518795500833
city_North Jessicafort,0.00020568675164363184
city_South Alexisport,0.0002056590329646951
city_East Lisaland,0.0002054678507733896
city_North Michaelland,0.00020510314620191135
city_New Katherineburgh,0.00020390877868329567
city_Barnesmouth,0.00020388423206600063
city_East Kimberlyberg,0.00020380326820636254
city_Robertoshire,0.00020376554765299764
city_Lake Diane,0.0002034800645610874
city_New Susan,0.00020320302076032862
city_Wrightchester,0.00020318875305864862
city_Hineston,0.00020275063120431911
city_East Elizabeth,0.00020268678354175333
city_Julianmouth,0.0002023565080642843
city_Roberttown,0.0002023216392783527
city_Patrickborough,0.00020209182431604294
city_Jonesview,0.00020193677253015535
city_Bishopton,0.0002018044898233505
city_Staceymouth,0.00020174800287555688
city_Ronaldtown,0.0002016397241548841
city_Port Tammy,0.00020159976299756742
city_South Michaelborough,0.00020158825942677116
city_Bethhaven,0.00020138282445529584
city_New Gregoryburgh,0.00020109153678597123
city_Port Jackiestad,0.0002008223636658468
city_Grahamside,0.00020031773793256335
city_East Allison,0.00020010361691146362
city_South Joannaburgh,0.00019989867690270555
city_Lawsontown,0.0001996321854523929
city_West Courtney,0.0001991823655840121
city_New Adam,0.00019864675397956026
city_East Jacqueline,0.00019825525413800666
city_North Davidville,0.00019758930438072768
city_Rhondaville,0.00019687134065879254
city_North Ian,0.00019682329718129262
city_Benjaminmouth,0.00019680999275083411
city_New Brian,0.00019645405707214016
city_Markhaven,0.0001963874049913193
city_West Elizabethfurt,0.00019602740654115947
city_Lindseyshire,0.00019584863552763037
city_Port Alan,0.00019581721432978744
city_Jordanfort,0.0001957787538525008
city_Garyshire,0.0001952755336093925
city_Christopherstad,0.00019523959634402995
city_East Nancyton,0.00019468299185812136
city_Erikborough,0.0001946278076662871
city_Stokesmouth,0.00019462071318936664
city_West Jermaine,0.00019451295067307928
city_Port Gina,0.00019428253363641337
city_Jeffmouth,0.00019413583142667654
country_Comoros,0.00019396951508117517
city_East David,0.00019392239574628998
city_Clarkchester,0.00019369519183546352
city_Simpsontown,0.00019316579176826046
city_North Christopherton,0.0001931248706373072
city_Dustinberg,0.00019251675567973303
city_Aarontown,0.00019198324239936125
city_East Rebecca,0.00019191783310096007
country_Dominican Republic,0.0001918259141938381
city_Rebeccastad,0.0001915241320176512
city_Walkerstad,0.00019050138396400123
city_Port Kelsey,0.00019000629989774357
city_Maldonadobury,0.00018925215453218617
city_Lake Christine,0.0001891128757621264
city_New Samuelport,0.00018810794756097269
city_South Lorichester,0.00018783890542537713
city_Port Jeffreyborough,0.00018774391523623162
city_Adamhaven,0.00018670658010340666
city_South Dennis,0.00018613134898679912
city_North Joshua,0.00018610504992029142
country_Tunisia,0.0001857760397546917
city_Tapiaberg,0.00018562549961532765
city_South Chadfort,0.00018559622815099024
city_Wendyshire,0.0001854592782322637
country_Bhutan,0.00018507338277031358
city_Danielleburgh,0.00018502778261996933
city_East Caitlyn,0.00018489657619790857
city_New Natasha,0.00018465627237708869
city_South Jeffreyshire,0.0001845929009989996
city_Parsonston,0.00018446544599245724
city_New Stephanie,0.00018421481058889763
city_Beardville,0.00018403920289560105
city_New Rebeccamouth,0.00018350083680570097
city_Bryanview,0.00018289798465248488
city_Kennedyborough,0.00018272964697846442
city_East Christopherville,0.00018249543085652084
city_East Jasmine,0.0001817801209257603
city_North Mary,0.0001817715846570611
city_West Larry,0.0001817551690620393
city_Austinstad,0.00018113775260646204
city_New Angelaton,0.00018001893017977055
city_Shannonville,0.00017920522976126526
city_Millerbury,0.00017905725367739784
city_East Deborah,0.00017899075190880282
city_Lake Brucehaven,0.00017866575822806543
city_Brandonfort,0.0001784464020078767
city_New Keith,0.000177714552898713
city_North Christopher,0.000177513693463678
city_South Paul,0.0001768906643553871
city_New Jaredview,0.0001757272479769145
city_Lake Christophermouth,0.00017533253760281287
city_Mccoyberg,0.00017516140275430317
city_New Lisa,0.00017503540051255453
city_Harrellland,0.0001747689316965321
city_Port Jenniferport,0.00017461796743710654
city_Thomasview,0.0001745050840032033
city_Port Timothyfort,0.00017367298759456257
city_Briannaview,0.0001731823019270872
city_North Michael,0.00017317513120832258
city_South Thomas,0.0001725417387828826
city_Port Josephborough,0.00017241984353079986
city_New Bruce,0.0001719792544706736
city_Berryborough,0.00017189248892388395
city_Lawsonhaven,0.00017188866085202578
city_Fletchertown,0.00017138606619986863
city_Walshfurt,0.00017121028705785154
city_Lake Victorialand,0.0001710433329702637
city_Patriciahaven,0.00017090933965273707
city_Port Kristinashire,0.00017046430979409836
country_Romania,0.00017042418428425286
city_Marystad,0.00017028864720637022
city_West Feliciastad,0.0001688759973898144
city_Jonesport,0.00016874920106680808
city_Frenchtown,0.00016831901545236652
city_New Sherifort,0.000168230951849503
city_North Laurieport,0.00016801501010902482
city_Danielstad,0.00016792107693761136
city_Phamview,0.00016731172758759722
city_New Regina,0.0001670943571075145
city_Susanton,0.00016694180956225554
city_Port Vickiberg,0.00016625236254766342
city_South Matthew,0.00016612652703601244
city_North Richard,0.00016591281251204993
city_South Jackborough,0.00016540542904523487
city_Harrismouth,0.00016473676628658092
city_Port Kevin,0.0001642378470421137
country_Guatemala,0.00016377715285019093
city_Wilkinsonfurt,0.00016364615143624837
city_South Christopher,0.00016350352752219588
city_East Christineburgh,0.00016290757514950938
city_North Brianfort,0.00016287197601882298
city_West Jacobchester,0.0001616685622185514
city_Holmesside,0.00016110267143502421
city_Lake Danielle,0.00016058674386930488
city_Elizabethberg,0.00016017905839178093
city_East Anitaview,0.00015991680880172033
city_Patrickchester,0.00015973519329154487
country_Mauritius,0.0001596221716092471
city_East Williamville,0.00015933349249801034
city_Blakemouth,0.00015927123127901192
city_Pottsmouth,0.00015920229309988876
city_West Shannon,0.0001591981929573631
city_Johnstonside,0.00015903879394986304
city_North Kaylaside,0.00015880377390829257
city_East Gabrielhaven,0.00015824789387216498
city_South Angie,0.00015820487750280548
city_Russellmouth,0.00015780757991381672
city_Suzannefort,0.0001575721135317681
city_South Ericview,0.00015729465285429817
city_Delgadoville,0.00015611557335287342
city_East Monicachester,0.00015585072309530794
city_West Ronaldport,0.00015580664093143613
city_New Charles,0.00015544779767248795
city_Carsonville,0.00015500642576058931
city_South Darlenemouth,0.0001547925854459067
city_South Anthony,0.00015436600012370966
city_New Kevinhaven,0.00015391994579150097
city_Melissafort,0.00015365393888910352
city_Melissaton,0.00015329424846999864
city_Palmerfort,0.00015255915927271744
city_Kochside,0.00015191730133797319
city_Lake Larryburgh,0.00015142945268254763
city_Paulport,0.0001509656740713659
city_East Josephshire,0.00015093984934780216
city_Melissamouth,0.00015057753467123474
city_East Keithport,0.0001504410688039215
city_New Daniel,0.00015028486504737145
city_Courtneychester,0.00014988666780721828
city_Adamstown,0.0001491465995313206
city_Port Logan,0.00014878425765184794
city_South Petermouth,0.0001486231464505424
city_Port Donnaview,0.000148518571952096
city_Gardnerview,0.0001483584164257538
city_Robinsonbury,0.0001482012157233671
city_Lake Mike,0.00014803655857285324
city_Abigailfurt,0.00014793886810290124
city_West Brendaland,0.00014749878097772452
city_New Austinborough,0.0001474303505482722
city_Hodgesside,0.0001474085553187321
city_East Sethland,0.0001471300100515055
city_Mariahhaven,0.00014710327912188253
city_Derricktown,0.0001470381214581024
city_West Matthewland,0.00014703704272118952
city_Hendersonchester,0.0001466006855014351
city_East Jessica,0.00014641636751391453
city_South Isabella,0.00014636975266092255
city_Duncanborough,0.00014520319574744985
city_South Margaretton,0.00014435015214100797
city_New Michellehaven,0.00014380529350645075
city_North Paulafurt,0.00014357135392960486
city_Port Penny,0.00014314572097816366
city_West Keithmouth,0.00014285979173915228
city_Caldwellville,0.00014254334669594942
city_Ortizside,0.00014224808901152033
country_Monaco,0.00014191932364607645
city_Robertberg,0.00014180232427815788
city_South Tinahaven,0.00014167846072396197
city_Morganland,0.00014137593259436266
city_East Adamborough,0.00014116688450976683
city_Jasonmouth,0.0001410718929801443
city_Christinaport,0.00014092225734995933
city_Ryanmouth,0.0001403292770185784
city_South Kayla,0.00014031455023675966
city_Megantown,0.00013920458537303152
city_West Justin,0.00013911028667945715
city_Port Christina,0.0001389053454813596
city_Martinezmouth,0.00013864680998297764
city_New Staceyview,0.00013840292930418447
city_West Maria,0.00013824691924076862
city_West Timothyburgh,0.0001372194456521104
city_North Amandafort,0.0001359188035322873
city_Perezville,0.00013478415887983156
city_East Yolandamouth,0.00013459121052037317
city_Lake Daisy,0.00013456682610683433
city_Robertchester,0.0001341152994989205
city_East Diana,0.00013307860808052155
city_East Rachelland,0.00013285354570978468
city_North Jamesborough,0.00013272415898640553
city_Jeffreybury,0.00013247159866047934
country_Nigeria,0.0001320470055098807
country_Chad,0.00013169914167020046
city_New Richardport,0.00013163549843901392
city_Kimmouth,0.00013162701674538667
city_New Sheila,0.00013096802346948777
city_East Thomas,0.00013060788657130444
city_East Jasonburgh,0.00013028167215303033
city_Aguirremouth,0.00013011116091621503
city_North Joycetown,0.00013007624879520362
city_West Whitneystad,0.00012979078148043585
city_North Dawnborough,0.00012973033379869023
city_West Jasminetown,0.00012948338296785614
city_Davisland,0.00012874965351629655
city_West Thomasberg,0.0001286066425216416
city_North Rickymouth,0.00012846959460430685
city_Port Glenhaven,0.000128118664924016
city_Jodyport,0.00012726563442239967
city_Harrisport,0.00012726418227716508
city_North Carolynport,0.0001271388649096259
city_East Jenniferhaven,0.00012700201803870923
city_Port Catherine,0.00012617239471877714
city_Burkeville,0.0001259077934840852
city_Jorgeberg,0.00012568132423378532
city_Lake Nicolemouth,0.00012508034609329952
city_Cooperburgh,0.00012482809430136883
city_Weeksfort,0.00012480149861160685
city_Lopeztown,0.00012418467294636042
city_North Nicolebury,0.00012377134546798506
city_Rossfurt,0.0001233662068503843
city_East Candicefurt,0.0001229394568898594
city_North Jenniferfort,0.00012228386203112443
city_Emilystad,0.0001222424367408683
city_Rodriguezside,0.0001221779398805364
city_Melendezville,0.00012205623537838281
city_Lake Susanview,0.00012183952259645794
city_Port Mary,0.00012160913680540363
city_Andersonberg,0.00012142714865382485
city_Tannerview,0.00012117627453282964
city_Ramosbury,0.00012096633847730735
city_Carsonfurt,0.00012062693029149204
city_West Jennifertown,0.00011986142594718777
city_Stephenside,0.00011972545955456664
city_Gwendolynfurt,0.00011948545203685207
city_Lake Lucas,0.0001194775619630874
city_South Thomasview,0.0001193071559408337
city_Stephenbury,0.000119244218854748
city_Lopezfort,0.000119241592029327
city_Lake Dean,0.00011918435354803025
city_Cesarton,0.00011906134697554235
city_South Janet,0.00011866333251494842
city_Rachelborough,0.00011858538288457094
city_East Kennethborough,0.00011855239647897713
country_Sri Lanka,0.00011819577606987665
city_Port Richardview,0.000118136211976652
city_Lake Kimberlyside,0.00011749347892271641
city_Lake Sydney,0.00011725038525883733
city_Larrybury,0.00011711212718543707
country_Seychelles,0.00011705460955509848
city_North Angela,0.00011699495810523612
city_Cartershire,0.00011664010433742928
city_Lake Sharon,0.00011643132950906009
city_Moralesborough,0.00011610400261796846
city_Frazierborough,0.00011607373770963939
city_New Leslie,0.00011581107441095229
city_Lake Patricia,0.00011546992222226343
city_Wardview,0.00011512944363020991
city_Lake Shane,0.00011498168099807223
city_East Christinaside,0.0001149429294739209
city_Christianland,0.0001148965516815555
city_Rachelfort,0.00011457206616410296
city_Tiffanyborough,0.00011318550776847544
city_Lake Melindamouth,0.0001130390696772207
city_Maldonadoburgh,0.00011257885382459287
city_New Gregoryland,0.00011214198904567419
city_Vaughnhaven,0.0001119072373072799
city_Lake Martin,0.00011144155352572082
city_Laurahaven,0.00011142619045864607
city_East Brianside,0.0001113119317045862
city_West Mallory,0.00011122609865449722
country_Taiwan,0.00011105112482952408
city_Andreahaven,0.0001108107363934127
city_Dianachester,0.00011030980751621093
city_South Joshua,0.00011000363089137871
city_Stephaniehaven,0.0001099894431682018
city_Brettburgh,0.00010947993253267543
city_North Kristin,0.00010930831223692092
city_New Dwaynemouth,0.0001091634922662084
city_North Annafort,0.00010914402714926657
city_Rhodesburgh,0.00010890972266675507
city_Baileymouth,0.00010874654243528574
city_New Catherine,0.00010865304764192454
city_Howardport,0.00010834225624432737
city_Morenoton,0.00010829347538830294
city_Sylvialand,0.00010790415781470101
city_Lake Hunterton,0.00010760082914770087
city_Williamstown,0.00010722431402730659
city_South Josetown,0.0001070578875552294
city_Lake Deborah,0.0001067565288369356
city_South Justin,0.00010642540392915785
city_West Barbarastad,0.00010631983737469463
city_Oliverfurt,0.00010601759082386882
city_West Williamland,0.0001057890753447098
city_Chavezhaven,0.00010535187018561236
city_Morseberg,0.00010486970838996905
city_Tonyaburgh,0.00010451275700270876
city_West Tiffany,0.00010406913440738481
city_Port Kariborough,0.00010406911909576885
city_Port Jenna,0.00010376912868112755
city_Port Christopherburgh,0.00010342342348485164
city_Kathleenstad,0.00010315154013902119
city_East Stephanieburgh,0.0001029087630056643
city_Grayland,0.00010278347330547849
city_Port Jamesmouth,0.00010255304522735399
city_South Aliciaberg,0.0001024445624957307
city_Jonathanmouth,0.00010239571345762859
city_Barreraton,0.00010229621084874378
city_Meyermouth,0.00010225285823436602
city_South Richardhaven,0.00010190467116998914
city_Gabrielfort,0.00010149169401005508
city_Juliahaven,0.00010104664788209625
city_Patrickhaven,9.995667274526189e-05
city_West Steven,9.928450253653175e-05
city_East Johnberg,9.904036582277013e-05
city_Bradleyshire,9.801546304045666e-05
city_Leeshire,9.746415811078494e-05
city_East Amanda,9.73451080708876e-05
city_Port Daltonmouth,9.690616247867785e-05
city_Lake Christopherberg,9.67781663029531e-05
city_Dianeville,9.63572101873117e-05
city_Matthewhaven,9.62760136671825e-05
city_Osborneview,9.559283214830963e-05
city_Port Jacobside,9.542714689378097e-05
city_Loweside,9.513063450182314e-05
city_West Sherryborough,9.51137203464557e-05
city_Blakebury,9.486542071822867e-05
city_West Karen,9.475637380561505e-05
city_Johnburgh,9.385305585043713e-05
city_Port Debraberg,9.352473780660488e-05
city_New Luis,9.315177197732106e-05
city_Josephside,9.271969297256754e-05
city_South Gabrielshire,9.259689521715639e-05
city_Ericborough,9.259560824086995e-05
city_Lake Jasminemouth,9.191065830500994e-05
country_Andorra,9.040622016143893e-05
city_New Brooke,8.934392226928567e-05
city_South Keith,8.932501982632986e-05
city_North Andrewton,8.925963054255371e-05
city_Stacymouth,8.897287101900726e-05
city_Tabithaton,8.87955848733623e-05
city_North Sara,8.843408345401422e-05
city_Robertland,8.840082278938744e-05
city_West Paige,8.809915479476831e-05
city_North Marcus,8.805349145551015e-05
city_Shepardtown,8.744659230330753e-05
city_Port Lucasmouth,8.72424881062597e-05
city_South Jessica,8.72054740576327e-05
city_Whitefort,8.688628735923934e-05
city_South Miaside,8.664305249824859e-05
city_Smithstad,8.653493159494957e-05
city_Lake Katie,8.545460645397268e-05
city_Port Janetborough,8.508191436101847e-05
city_Fletcherhaven,8.444755229934672e-05
city_East Deniseland,8.438129105481614e-05
city_Port Norma,8.37218054060124e-05
city_Andersonborough,8.310121596502776e-05
city_Lopezview,8.296634822353987e-05
city_Jaredborough,8.204643100052855e-05
city_Burkebury,8.196917175878885e-05
city_New Wandamouth,8.113396457508822e-05
city_Christianside,8.110519158259097e-05
city_Jamesland,8.101270317399446e-05
city_Jenniferville,8.085811404279031e-05
city_East Raymond,8.066328890806515e-05
city_Laurenbury,8.041934851990829e-05
city_Walkershire,7.966566533273041e-05
city_South Vanessaside,7.95544555556846e-05
country_Tanzania,7.930644787766231e-05
city_Port Alanfort,7.91563184510935e-05
city_Perryville,7.887589694502828e-05
city_West Stephen,7.829529266813634e-05
city_New Randallshire,7.745176457045273e-05
city_West Michaelbury,7.726139528386608e-05
city_East Barryfurt,7.704069446479668e-05
city_South Robertstad,7.692547056724285e-05
city_Lowerychester,7.649051944605089e-05
city_Perezshire,7.59378755942532e-05
city_Lake Martha,7.552788705333901e-05
city_Markburgh,7.502188746888764e-05
city_North Jeffreyville,7.478819168876518e-05
city_Jenniferhaven,7.467384776980227e-05
city_Port Bethhaven,7.409288146760183e-05
city_Taraland,7.345003181041965e-05
city_Kaylaburgh,7.313559949491687e-05
city_East Brianport,7.278604058305683e-05
city_Josephberg,7.274163486197369e-05
city_Port Briantown,7.17209703616686e-05
city_Lake Ryanview,7.055285064692745e-05
city_Charlesview,7.003073701197282e-05
city_Lake Keithton,6.981728442354746e-05
city_Ashleyland,6.948299438232707e-05
city_Phelpsfurt,6.935212719692374e-05
city_Gatesshire,6.909849965399902e-05
city_Smithburgh,6.899824294554367e-05
city_Harrellport,6.850685823359717e-05
city_South Steven,6.824264128929088e-05
city_Danielstown,6.820107505203293e-05
city_Martinburgh,6.797250781740135e-05
city_New Ryan,6.776729672982644e-05
city_New Devinborough,6.650005372956472e-05
city_Salazarhaven,6.631347883159512e-05
city_Barbarahaven,6.523260644753386e-05
city_Port William,6.502590279864116e-05
city_Shanemouth,6.495461261971116e-05
city_Zacharybury,6.477911306765106e-05
city_Elizabethland,6.459695630459696e-05
city_Pattersonberg,6.448070602574676e-05
city_North Joe,6.364927493272338e-05
city_North Stephaniestad,6.317534580077714e-05
city_Erikatown,6.280581517678334e-05
city_Hensleyview,6.16905103877372e-05
city_Farrellberg,6.115706305516684e-05
city_Lake James,5.936241821060746e-05
city_New Alexandra,5.91719266153531e-05
city_Patriciaside,5.7465486221464315e-05
city_Williston,5.727969874767216e-05
city_Walkerburgh,5.48919974711599e-05
city_New Tamaraton,5.416819262655828e-05
city_West Jacob,5.2253094859563526e-05
city_South Cindychester,5.211996862524219e-05
city_South Kimberlyland,5.206692935160679e-05
city_Nguyenstad,5.168455305095056e-05
city_Thompsonberg,5.1460154484302777e-05
city_Pattersonfort,5.1440221517519906e-05
city_Loristad,5.12309744219185e-05
city_Shellytown,5.1121083780144776e-05
city_Jamesport,5.0450123548988816e-05
city_Murphytown,4.900185223476729e-05
city_Lake Mark,4.622483519225696e-05
city_Port Johnburgh,4.564134437020219e-05
city_Craigborough,4.497153372021126e-05
city_West Deborahton,4.444534563482192e-05
city_New Leslieshire,4.4445048427066575e-05
city_South Gregberg,4.36643020992888e-05
city_Lake Patrick,4.3579943726725724e-05
city_Rachelbury,4.306057008961015e-05
city_Port Luis,4.232344431579684e-05
city_Erictown,4.170825882426144e-05
city_Lauratown,3.982432593342473e-05
city_Port Kathleenmouth,3.969546374995714e-05
city_Carterport,3.916204433339673e-05
city_Andresmouth,3.690733406884292e-05
city_Clinebury,3.6100895003977435e-05
city_Nancyside,3.6058768530385327e-05
city_Sullivanbury,3.5501612145351266e-05
city_Lake Jesus,3.353747129588679e-05
city_Rileyville,3.2265513469665085e-05
city_North Jennifer,3.212399243786386e-05
city_Ricemouth,3.1699767665907414e-05
city_East Crystal,3.1553091400586394e-05
city_North Brianborough,3.1362349402673646e-05
city_Frankmouth,3.096042232506408e-05
city_Wileymouth,2.803631179180843e-05
city_Smithport,2.7976577393367125e-05
city_Deborahmouth,2.6708395009242816e-05
city_Adamsstad,2.62371729540499e-05
city_East Christineshire,2.5484231106175916e-05
city_New Karen,2.3967215887108503e-05
city_New Reginaborough,2.3392295198830596e-05
city_Jamesbury,2.271787198323885e-05
city_East Elijahfort,2.2708195728447132e-05
city_Normanton,2.2266554169444942e-05
city_Changburgh,2.2025050833647086e-05
city_Michaelberg,2.1428237543148287e-05
city_North Antoniofort,1.996344432506462e-05
city_Austinburgh,1.9482279415421475e-05
city_South Colleen,1.8806921527341414e-05
city_Lake Michaelstad,1.8226470828573592e-05
city_East Krista,1.7844339123303404e-05
city_New Cameron,1.7730059177106874e-05
city_Alexanderview,1.7616178200504753e-05
city_Marcfort,1.7297217999669695e-05
city_Christymouth,1.6501557835471744e-05
city_Sherylview,1.5800478584406904e-05
city_East Brooketon,1.525757201453558e-05
city_North Mariachester,1.4749494255891301e-05
city_Donaldhaven,1.3250738232183793e-05
city_Dannyhaven,1.3074213386413864e-05
city_Turnerberg,1.3014050431341735e-05
city_South Connorville,1.2972006416006338e-05
city_Conniemouth,1.2715609660468696e-05
city_Williamstad,1.2409440785386394e-05
city_New Juliemouth,1.1884472368713518e-05
city_South Jeffreyborough,1.1659239100728128e-05
city_Walkerfort,1.1417305519407366e-05
city_Maryton,1.0746584334934696e-05
city_Williamfort,1.0714739985111579e-05
city_Lake Oliviaton,1.050249641635875e-05
city_Burnsville,1.0492227188068643e-05
city_East Davidfort,1.0237758440885966e-05
city_East Vickiebury,1.0187210616710144e-05
country_China,1.0005338325008964e-05
city_North Jenniferburgh,9.406041370497871e-06
city_West Derek,9.104586604586191e-06
city_Port Jessicamouth,8.803397089318995e-06
city_Warrenmouth,8.577630979815376e-06
city_New Shaneberg,7.951733381358633e-06
city_Alexandershire,7.559612846181949e-06
city_North Amy,7.498926648833169e-06
city_Markshire,6.899080305393012e-06
city_Linchester,6.612934390776327e-06
city_Port Natalieberg,5.641950038206122e-06
city_Cummingshaven,5.123068412760432e-06
city_Moranhaven,4.4929523397381325e-06
city_Lake Austin,4.247180804994411e-06
city_South Kathryn,4.2349248276440934e-06
city_Port Edward,3.605252573387787e-06
city_New Jamie,3.413021228713815e-06
city_Evanshaven,2.987609214052957e-06
city_Gailfurt,2.987227232414068e-06
city_New Samuel,2.462619258900839e-06
city_North Danielhaven,2.335279035746266e-06
city_Carrollfort,2.2775506710227906e-06
city_Lake Alison,2.054858772636715e-06
city_Burgessside,2.0306975076009324e-06
city_Navarroport,1.9537054252737053e-06
city_Padillachester,1.8591088988012002e-06
city_West Robertport,1.7136927373851785e-06
city_Ashleyberg,1.0859122098591355e-06
city_Lake Gregory,9.297622639430906e-07
city_South Rachel,5.165743878188006e-07
city_Perezport,4.180468017976401e-17
city_Rachelstad,4.935144257589113e-19
city_Port Jennifer,1.2667314716883712e-19
city_Freemanfurt,0.0
city_South Davidland,0.0
city_Joyside,0.0
city_Lake Antoniostad,0.0
city_South Michaelstad,0.0
city_Johnsonmouth,0.0
city_Lake Jonathanchester,0.0
city_Bergland,0.0
city_Edwardsfurt,0.0
city_Ginafurt,0.0
city_South Hunterberg,0.0
city_Port Kaylaton,0.0
city_South Juan,0.0
city_Lake Margaret,0.0
city_Port Kaylaberg,0.0
city_Port Kathy,0.0
city_Port Jeffrey,0.0
city_Lake Linda,0.0
city_Edwardsborough,0.0
city_Port Katherinefort,0.0
city_Goodwintown,0.0
city_Lake Mistymouth,0.0
city_West Claudiaberg,0.0
city_Lake Michelleland,0.0
city_West Tiffanytown,0.0
city_Lake Michelle,0.0
city_Port Justinville,0.0
city_Cookebury,0.0
city_West Katrinafort,0.0
city_Lake Michaelburgh,0.0
city_West Claudia,0.0
city_Lake Melissaland,0.0
city_Bryanborough,0.0
city_Lake Sarah,0.0
city_South Nicolestad,0.0
city_Cooperland,0.0
city_West Alexis,0.0
city_East Dawn,0.0
city_Boydburgh,0.0
city_Lake Rebecca,0.0
city_South Kristen,0.0
city_Lake Philipbury,0.0
city_West Christopherfurt,0.0
city_Lake Paul,0.0
city_West Wendy,0.0
city_Lake Patriciaport,0.0
city_South Susanfurt,0.0
city_South Justinfort,0.0
city_West Alexiston,0.0
city_Evansport,0.0
city_Erinside,0.0
city_Lake Susanmouth,0.0
city_East Katelyn,0.0
city_Lake Stephanieton,0.0
city_Port Louishaven,0.0
city_Lake Stephanie,0.0
city_Brettville,0.0
city_Bryanstad,0.0
city_Williamside,0.0
city_Lake Sean,0.0
city_Hudsonmouth,0.0
city_Lake Vincentburgh,0.0
city_Bryantown,0.0
city_Lake Valerieside,0.0
city_Andersenville,0.0
city_East Dennisbury,0.0
city_South Sharonchester,0.0
city_Lake Timothyborough,0.0
city_West Cathyfurt,0.0
city_Lake Tiffanyburgh,0.0
city_Port Kristenhaven,0.0
city_East Derrickton,0.0
city_West Joshuamouth,0.0
city_Lake Tammy,0.0
city_Port Nancymouth,0.0
city_Laurenchester,0.0
city_West Catherine,0.0
city_South Saratown,0.0
city_Whitefurt,0.0
city_Lauraton,0.0
city_West Roger,0.0
city_Port Michellechester,0.0
city_East William,0.0
city_Bryantville,0.0
city_West Williammouth,0.0
city_Lanemouth,0.0
city_Claychester,0.0
city_Lamchester,0.0
city_Haynesside,0.0
city_East Christinachester,0.0
city_West Brittanychester,0.0
city_Port Meganland,0.0
city_Beanfort,0.0
city_Lewisland,0.0
city_Port Mathew,0.0
city_Leeville,0.0
city_Whiteheadton,0.0
city_Leeland,0.0
city_Port Martin,0.0
city_South Ronaldborough,0.0
city_Parkerside,0.0
city_Lawsonchester,0.0
city_South Robinview,0.0
city_Lawrencebury,0.0
city_Johnsonview,0.0
city_Laurenfort,0.0
city_Port Robinburgh,0.0
city_Lorichester,0.0
city_Vickieside,0.0
city_Buckport,0.0
city_Whitechester,0.0
city_Port Richard,0.0
city_Guerreroshire,0.0
city_Lloydchester,0.0
city_Port Rhondachester,0.0
city_Lisaton,0.0
city_Spencerland,0.0
city_Lindseyview,0.0
city_Port Rachael,0.0
city_Lindsayland,0.0
city_West Pam,0.0
city_Madisonburgh,0.0
city_West Jonathanchester,0.0
city_East Clifford,0.0
city_Ericksonfurt,0.0
city_Lynchland,0.0
city_South Vincent,0.0
city_Luismouth,0.0
city_West Amandahaven,0.0
city_Anitaport,0.0
city_Craigburgh,0.0
city_Lucasbury,0.0
city_Joseburgh,0.0
city_Colemanland,0.0
city_West Douglas,0.0
city_Loweberg,0.0
city_Amandafurt,0.0
city_Marksview,0.0
city_West Donna,0.0
city_Markport,0.0
city_East Joseph,0.0
city_Port Stevetown,0.0
city_North Tonyastad,0.0
city_Mariohaven,0.0
city_Allenville,0.0
city_Port Stephen,0.0
city_West Diane,0.0
city_Margaretfort,0.0
city_West Terry,0.0
city_South Tina,0.0
city_North Paulchester,0.0
city_Anthonyview,0.0
city_East Michaelchester,0.0
city_South Timothyborough,0.0
city_Barnettview,0.0
city_Marymouth,0.0
city_Kevintown,0.0
city_Martinview,0.0
city_Christinemouth,0.0
city_Port Sarah,0.0
city_Lake Hailey,0.0
city_Martinezfurt,0.0
city_Port Sandraburgh,0.0
city_Arellanohaven,0.0
city_West Mark,0.0
city_Marthaland,0.0
city_South Sydney,0.0
city_Marquezmouth,0.0
city_Collinsside,0.0
city_Allenland,0.0
city_Burkeland,0.0
city_Aliciastad,0.0
city_West Debraton,0.0
city_Alextown,0.0
city_Porterborough,0.0
city_Christineside,0.0
city_South Michelletown,0.0
city_Alexanderport,0.0
city_Port Williamview,0.0
city_Alexanderfurt,0.0
city_South Ian,0.0
city_Albertchester,0.0
city_Stephensonbury,0.0
city_Mcintyreburgh,0.0
city_Kevinfurt,0.0
city_Mccoystad,0.0
city_Berryburgh,0.0
city_Mccarthyton,0.0
city_West Susan,0.0
city_Mcbridefort,0.0
city_Port Tylerport,0.0
city_Matthewside,0.0
city_South Michaelfurt,0.0
city_Matthewschester,0.0
city_West Danielleshire,0.0
city_Port Tiffany,0.0
city_East Nancyville,0.0
city_Port Thomas,0.0
city_North Philip,0.0
city_West Luischester,0.0
city_Hunterport,0.0
city_East Annaton,0.0
city_Ramirezton,0.0
city_Ramirezborough,0.0
city_West Danielchester,0.0
city_Medinaville,0.0
city_Ralphmouth,0.0
city_Medinaberg,0.0
city_Patriciabury,0.0
city_Mcmahonville,0.0
city_Racheltown,0.0
city_Mcintyretown,0.0
city_Jamesshire,0.0
city_East Austinmouth,0.0
city_Bradleychester,0.0
city_Michaelfurt,0.0
city_East Donald,0.0
city_Michaelborough,0.0
city_East Melissaville,0.0
city_Starkbury,0.0
city_Angelburgh,0.0
city_Meltonville,0.0
city_Stanleyside,0.0
city_Christopherburgh,0.0
city_Lake Kathy,0.0
city_Priceshire,0.0
city_West Lisaside,0.0
city_Mistyfort,0.0
city_Williamsfort,0.0
city_Millertown,0.0
city_Christopherland,0.0
city_Reyesshire,0.0
city_West Allisonview,0.0
city_Michelleton,0.0
city_Reyesbury,0.0
city_Michelleland,0.0
city_Susanport,0.0
city_Michelleborough,0.0
city_Christopherport,0.0
city_Michelebury,0.0
city_Jeremyborough,0.0
city_Michaeltown,0.0
city_Reedmouth,0.0
city_Mullinshaven,0.0
city_Susanburgh,0.0
city_Christophertown,0.0
city_West Codyfurt,0.0
city_East Brianburgh,0.0
city_Danielsmouth,0.0
city_Rasmussenborough,0.0
city_South Josephchester,0.0
city_Moralesstad,0.0
city_Jessicaton,0.0
city_Moraborough,0.0
city_Randyland,0.0
city_Randallmouth,0.0
city_South Michelleton,0.0
city_Monicaton,0.0
city_West Larryville,0.0
city_New Adamstad,0.0
city_Bakerburgh,0.0
city_New Aaron,0.0
city_Robbinston,0.0
city_Nealview,0.0
city_East Stephen,0.0
city_Ritaton,0.0
city_Kingmouth,0.0
city_Stewartview,0.0
city_South Martin,0.0
city_Murrayfurt,0.0
city_Stewartfort,0.0
city_East Brittany,0.0
city_Lake Francisco,0.0
city_Munozmouth,0.0
city_Stewartchester,0.0
city_East Brittneyton,0.0
city_Wheelertown,0.0
city_New Bradley,0.0
city_Richardhaven,0.0
city_Richardberg,0.0
city_Jacobton,0.0
city_New Ashleystad,0.0
city_West Seanport,0.0
city_West Kristopher,0.0
city_Jasonville,0.0
city_New Annaland,0.0
city_Stevenstown,0.0
city_New Angela,0.0
city_Lake Leetown,0.0
city_New Danielland,0.0
city_Stevenston,0.0
city_New Danaberg,0.0
city_West Geoffrey,0.0
city_New Cynthia,0.0
city_Tanyabury,0.0
city_New Courtney,0.0
city_North Michaelside,0.0
city_New Christine,0.0
city_West Kristenbury,0.0
city_Robertshire,0.0
city_South Elizabethmouth,0.0
city_Brianshire,0.0
city_West Gary,0.0
city_New Ericborough,0.0
city_Port Brittany,0.0
city_East Aaronberg,0.0
city_Robertmouth,0.0
city_New Elaine,0.0
city_South Ericville,0.0
city_Tammyton,0.0
city_West Kimberlyshire,0.0
city_Robertfurt,0.0
city_Jerryberg,0.0
city_New Deborahhaven,0.0
city_Robertfort,0.0
city_New Davidstad,0.0
city_Elizabethchester,0.0
city_East Alyssa,0.0
city_Robertburgh,0.0
city_Tammybury,0.0
city_West Terryland,0.0
city_New Jason,0.0
city_Tammyberg,0.0
city_Rosschester,0.0
city_West Kimberly,0.0
city_New Jamesfurt,0.0
city_Charlesshire,0.0
city_New Jacqueline,0.0
city_Crystaltown,0.0
city_West Sarastad,0.0
city_Batesstad,0.0
city_New Gene,0.0
city_East Matthewport,0.0
city_New Eriktown,0.0
city_Romerobury,0.0
city_New Joshua,0.0
city_Julieburgh,0.0
city_Beckburgh,0.0
city_Rogershaven,0.0
city_Banksfort,0.0
city_West Emilymouth,0.0
city_Wolfemouth,0.0
city_Rodriguezport,0.0
city_New Johnfurt,0.0
city_Ericmouth,0.0
city_New Joel,0.0
city_Rodriguezland,0.0
city_New Jessicaport,0.0
city_West Zacharyhaven,0.0
city_New Jennifer,0.0
city_Roblesborough,0.0
city_New Kevinstad,0.0
city_West Kelly,0.0
city_New Kevin,0.0
city_Robinsonside,0.0
city_Samuelmouth,0.0
city_West Kevin,0.0
city_New Kaylaburgh,0.0
city_Brittanybury,0.0
city_West Sarahville,0.0
city_Paulland,0.0
city_Ryantown,0.0
city_East Theresa,0.0
city_New Judyview,0.0
city_Jamesberg,0.0
city_Dillonview,0.0
city_Thomasberg,0.0
city_Dominicton,0.0
city_Lake Brianchester,0.0
city_Donaldburgh,0.0
city_Theresaland,0.0
city_Bethland,0.0
city_South Helenport,0.0
city_New Lee,0.0
city_Russellfurt,0.0
city_New Larry,0.0
city_Danielton,0.0
city_New Kristin,0.0
city_Ruizstad,0.0
city_New Kristiburgh,0.0
city_Taylorstad,0.0
city_New Kimberly,0.0
city_Rossside,0.0
city_New Nichole,0.0
city_East Garyshire,0.0
city_Taylorshire,0.0
city_West Nathan,0.0
city_New Michelle,0.0
city_West Zacharychester,0.0
city_New Michaelshire,0.0
city_Scottmouth,0.0
city_New Michaelborough,0.0
city_Carrieton,0.0
city_New Maurice,0.0
city_Scottbury,0.0
city_New Marioview,0.0
city_Taylorberg,0.0
city_New Richardville,0.0
city_Tateborough,0.0
city_New Richard,0.0
city_Lake Erica,0.0
city_Belltown,0.0
city_West Sara,0.0
city_Sarahview,0.0
city_East Nancy,0.0
city_New Ralph,0.0
city_Sarahfort,0.0
city_New Phyllismouth,0.0
city_Johnnyport,0.0
city_New Peter,0.0
city_Sarafurt,0.0
city_New Patricia,0.0
city_Brownberg,0.0
city_Donnastad,0.0
city_Brownport,0.0
city_New Staceystad,0.0
city_Lake Jeffreymouth,0.0
city_Shellyfort,0.0
city_Brownstad,0.0
city_New Sheilafurt,0.0
city_North Laurenburgh,0.0
city_New Shaunside,0.0
city_Brownville,0.0
city_New Seanberg,0.0
city_North Timothy,0.0
city_Donnatown,0.0
city_West Zachary,0.0
city_Shawnfurt,0.0
city_Hillshire,0.0
city_New Traceyburgh,0.0
city_Shawhaven,0.0
city_Donovanville,0.0
city_Amystad,0.0
city_Doughertyton,0.0
city_Sharonville,0.0
city_New Terri,0.0
city_West Michelleberg,0.0
city_Sharonfurt,0.0
city_West Jennifer,0.0
city_Dawnland,0.0
city_Johnstad,0.0
city_New Steveshire,0.0
city_Brandymouth,0.0
city_Dawnmouth,0.0
city_West Jeffreyton,0.0
city_Nguyenville,0.0
city_Tinaton,0.0
city_Nguyenmouth,0.0
country_Botswana,0.0
city_Newtonbury,0.0
city_West Jeffreyfurt,0.0
city_Daystad,0.0
city_Howardland,0.0
city_New William,0.0
city_Timothymouth,0.0
city_New Vincent,0.0
city_Youngfurt,0.0
city_New Valeriestad,0.0
city_Christianmouth,0.0
city_Silvaville,0.0
city_West Jeffreychester,0.0
city_North Alexisstad,0.0
city_West Michelle,0.0
city_North Adriana,0.0
city_Judyview,0.0
city_North Abigailberg,0.0
city_Brettbury,0.0
city_Nolanborough,0.0
city_North Lisaton,0.0
city_Nicolefurt,0.0
city_Sherrymouth,0.0
city_Thomasville,0.0
city_South Lindseyville,0.0
city_Nicholasfurt,0.0
city_Christinaberg,0.0
city_North Bethany,0.0
city_Bishopville,0.0
city_Debrafort,0.0
city_West Tyrone,0.0
city_North Antonioland,0.0
country_Kazakhstan,0.0
city_North Annaland,0.0
city_West Jaredburgh,0.0
city_Catherinehaven,0.0
city_East Mary,0.0
city_North Andrea,0.0
city_South Adam,0.0
city_Sotoport,0.0
city_East Mckenzie,0.0
city_North Amandatown,0.0
city_Catherineland,0.0
city_North Cory,0.0
city_Thomasport,0.0
city_North Clayton,0.0
city_Cervantesfort,0.0
city_Thomasmouth,0.0
city_Lake Deborahville,0.0
city_North Chadchester,0.0
city_Smithtown,0.0
city_Brandystad,0.0
city_Barbaraville,0.0
city_North Brittanyberg,0.0
city_Valdezshire,0.0
city_Bensonburgh,0.0
city_Petersonland,0.0
city_North Bradley,0.0
city_Chadfort,0.0
city_North Devinstad,0.0
city_Turnertown,0.0
city_North Dennis,0.0
city_Chamberstown,0.0
city_North Deanna,0.0
city_South Michaelview,0.0
city_North Dawn,0.0
city_Chaneyhaven,0.0
city_North Davidview,0.0
city_Troytown,0.0
city_North David,0.0
city_Trevinoville,0.0
city_Changtown,0.0
city_East Joanna,0.0
city_North Cynthiachester,0.0
city_Trevinoland,0.0
city_Chanport,0.0
city_Wilcoxfort,0.0
city_Derekton,0.0
city_Charlenefort,0.0
city_North Gloriahaven,0.0
city_East Stevenhaven,0.0
city_North Garymouth,0.0
city_South Caitlinchester,0.0
city_Derrickmouth,0.0
city_Brendafurt,0.0
city_Darrellchester,0.0
city_South Brandon,0.0
city_North Douglas,0.0
city_West Meganport,0.0
city_North Johnfurt,0.0
city_South Donna,0.0
city_North Jodytown,0.0
city_Fostermouth,0.0
city_North Jillport,0.0
city_Torresview,0.0
city_Davidburgh,0.0
city_Lake Jessica,0.0
city_Watkinsfort,0.0
city_Barbaraton,0.0
city_South Amandaberg,0.0
city_Brianburgh,0.0
city_Davidmouth,0.0
city_South Alvinfurt,0.0
city_North Jane,0.0
city_Bobbyport,0.0
city_North Kenneth,0.0
city_Charlesborough,0.0
country_Panama,0.0
city_Blairton,0.0
city_North Katherine,0.0
city_South Curtis,0.0
city_North Justin,0.0
city_Lake Jasonville,0.0
city_North Joshuamouth,0.0
city_South Coltonton,0.0
city_Davidside,0.0
city_Port Anneborough,0.0
city_Davidsonburgh,0.0
city_South Clarencebury,0.0
city_North Jonathan,0.0
city_Lake Crystaltown,0.0
city_South Christopherhaven,0.0
city_West Tracybury,0.0
city_West Mary,0.0
city_Harperhaven,0.0
city_Adamsport,0.0
city_South Chelseaport,0.0
city_Adambury,0.0
city_Port Isaacton,0.0
city_Acostaburgh,0.0
city_South Charles,0.0
city_Carlosbury,0.0
city_Holmesfurt,0.0
city_Baileyport,0.0
city_South Casey,0.0
city_East Tonyashire,0.0
city_South Justinshire,0.0
city_East Tylerhaven,0.0
city_Carlosland,0.0
city_Edwardsbury,0.0
city_South Elizabeth,0.0
city_North Lisachester,0.0
city_South Debrahaven,0.0
city_East Victoriastad,0.0
city_Johntown,0.0
city_North Kylefurt,0.0
city_Pattersonmouth,0.0
city_North Kimberlyville,0.0
city_Andersonmouth,0.0
city_East Samantha,0.0
country_Western Sahara,0.0
city_Elizabethton,0.0
city_Georgeport,0.0
city_Feliciatown,0.0
city_South Jesse,0.0
city_Farmerport,0.0
city_Holderhaven,0.0
city_Eugeneview,0.0
city_Danielleton,0.0
city_Erikshire,0.0
city_North Melissashire,0.0
city_Haleyfurt,0.0
city_Fostertown,0.0
city_Port Audrey,0.0
city_Flowersmouth,0.0
city_Carolineshire,0.0
city_Fischerberg,0.0
city_South Matthewchester,0.0
city_Garychester,0.0
city_Valenzuelaville,0.0
city_Garciaport,0.0
city_South Heatherburgh,0.0
city_Howardstad,0.0
city_South Howardport,0.0
city_Frenchville,0.0
city_Baileyberg,0.0
city_Grayview,0.0
city_South Erikachester,0.0
city_Gentryville,0.0
city_Pennyfort,0.0
city_East Michaelview,0.0
city_North Tami,0.0
city_Gentryland,0.0
city_Byrdville,0.0
city_East Monicaberg,0.0
city_North Sherri,0.0
city_North Shawn,0.0
city_Webbfurt,0.0
city_North Seanmouth,0.0
city_North Seanfort,0.0
city_Heidiburgh,0.0
city_Lake Katelyn,0.0
city_Heatherborough,0.0
city_Burnsburgh,0.0
city_South Elizabethstad,0.0
city_East Nicoleborough,0.0
city_North Wesleyview,0.0
city_North Tylerport,0.0
city_Herringside,0.0
city_Amandatown,0.0
city_Hernandezbury,0.0
city_South Jeremybury,0.0
city_Henryton,0.0
city_West Alicia,0.0
city_East Patrickville,0.0
city_Caseyfort,0.0
city_Hoodville,0.0
city_Pamelashire,0.0
city_Hollyville,0.0
city_Dannyberg,0.0
city_Hoffmanberg,0.0
city_Port Danielfort,0.0
city_Irwinberg,0.0
city_Parkerberg,0.0
city_Hurleytown,0.0
city_East Emilyport,0.0
city_South Jesseside,0.0
city_South Kristinburgh,0.0
city_Whiteville,0.0
city_South Mark,0.0
city_Jacksonport,0.0
city_Jameshaven,0.0
city_Jacobfort,0.0
city_Lake Kerryberg,0.0
city_Jacksonmouth,0.0
city_North Williamfurt,0.0
city_Isaacland,0.0
city_South Karen,0.0
city_East Michael,0.0
city_Jensenfort,0.0
city_Jonesberg,0.0
city_West Bethborough,0.0
city_Angelamouth,0.0
city_Phillipsfurt,0.0
city_East Kathleenside,0.0
city_Kimberlyfurt,0.0
city_Jenkinsport,0.0
city_Patriciaton,0.0
city_Jeffreyfort,0.0
city_Port Cynthia,0.0
city_Jeanland,0.0
city_Patriciaburgh,0.0
city_North Raymondfurt,0.0
city_North Ryan,0.0
city_Angelafurt,0.0
city_West Alyssaview,0.0
city_Andrewfurt,0.0
city_Lake Catherine,0.0
city_Andreaberg,0.0
city_Peckfurt,0.0
city_East Kelli,0.0
city_South Kimberly,0.0
city_Jensenshire,0.0
city_Crystalchester,0.0
city_Paulton,0.0
city_Candacebury,0.0
city_Crystalland,0.0
city_Phillipfurt,0.0
city_Port Abigailstad,0.0
city_Curtismouth,0.0
city_Pittsburgh,0.0
city_Phillipsstad,0.0
city_Jimenezburgh,0.0
city_East Ericport,0.0
city_East Luischester,0.0
city_Carolburgh,0.0
city_Philipview,0.0
city_East Jamesland,0.0
city_West Alejandroview,0.0
city_Port Angel,0.0
city_East Jeremychester,0.0
city_West Richardchester,0.0
city_Zacharyland,0.0
city_South Kim,0.0
city_Jordanport,0.0
city_South Kaylafort,0.0
city_Jonesville,0.0
city_Port Angelica,0.0
city_Juliehaven,0.0
city_North Suzanne,0.0
city_Port Andrea,0.0
city_Curryton,0.0
city_Joyceland,0.0
city_South Kaylaburgh,0.0
city_Josetown,0.0
city_Port Allen,0.0
city_Port Alexandriaville,0.0
city_Port Kent,0.0
city_Kathleenchester,0.0
city_Port Adamberg,0.0
city_Justinville,0.0
city_North Maryberg,0.0
city_Julieville,0.0
city_Blankenshipfurt,0.0
city_East Julie,0.0
city_Port Brianberg,0.0
city_East Jacob,0.0
city_Cynthiamouth,0.0
city_Kendrahaven,0.0
city_Greenland,0.0
city_Kaylashire,0.0
city_Dalemouth,0.0
city_East Jason,0.0
city_South Michaelchester,0.0
city_South Melissa,0.0
city_Port Austinville,0.0
city_Kingside,0.0
city_West Ronaldfurt,0.0
city_Port Davidport,0.0
city_Danielberg,0.0
city_Lake Ariana,0.0
city_Lake April,0.0
city_Lake Andrewstad,0.0
city_Port Danielberg,0.0
city_Lake Alexandrashire,0.0
city_East Sarah,0.0
city_Lake Adrianside,0.0
city_Port Crystal,0.0
city_Port Cody,0.0
city_Bruceland,0.0
city_Port Christophermouth,0.0
city_South Garrettbury,0.0
city_East Emily,0.0
city_Heatherhaven,0.0
city_South Lawrencefort,0.0
city_West Barbaraland,0.0
city_Lake Crystalbury,0.0
city_East Sarahville,0.0
city_Port Erik,0.0
city_Bobbyfurt,0.0
city_Lake Christinafurt,0.0
city_South Natalieborough,0.0
city_Lake Feliciaborough,0.0
city_Port Dustin,0.0
city_Lake Drewmouth,0.0
city_West Anna,0.0
city_East Gailfort,0.0
city_South Monicaside,0.0
city_Lake Dawnside,0.0
city_Jacobbury,0.0
city_Amyview,0.0
city_Port Jeanport,0.0
city_Amyburgh,0.0
city_Jasonfurt,0.0
city_Amandahaven,0.0
city_Port Jamesshire,0.0
city_Lake Jennifer,0.0
city_West Annette,0.0
city_Lake Jason,0.0
city_West Jake,0.0
city_Lake Jaime,0.0
city_Emilybury,0.0
city_Port Joshua,0.0
city_Connerchester,0.0
city_East Heatherbury,0.0
city_West Andrew,0.0
city_Lake Jonathanfurt,0.0
city_Port Jonathanberg,0.0
city_Port Johnton,0.0
city_Julietown,0.0
city_Port John,0.0
city_Jamiebury,0.0
city_Lake Lanceside,0.0
city_West Amandaburgh,0.0
city_Lake Kim,0.0
city_Port Jennifermouth,0.0
city_Lake Kaylaview,0.0
city_Port Kimberlyfurt,0.0
city_Lake Kathleen,0.0
city_Boothton,0.0
city_Lake Matthewstad,0.0
city_South Randall,0.0
city_South Rachelberg,0.0
city_South Gabriellaborough,0.0
city_Lake Madison,0.0
city_Ellisberg,0.0
city_Lake Leslie,0.0
city_South Phillip,0.0
city_Port Katherine,0.0
city_North Michaelbury,0.0
city_Lake Michaelview,0.0
city_South Paula,0.0
city_Cooktown,0.0
city_Lake Joshua,0.0
city_Lake Sandrachester,0.0
city_West Katiemouth,0.0
city_South Nicholasberg,0.0
city_Whitetown,0.0
city_Lake Philip,0.0
city_Greenborough,0.0
city_Port Manuelside,0.0
country_Namibia,0.0
city_West Christopherborough,0.0
city_Port Lucas,0.0
city_Lake Stephanieport,0.0
city_South Stacy,0.0
city_West Katelyn,0.0
city_Clarkmouth,0.0
city_Clarkside,0.0
city_Fosterton,0.0
city_Lake Tonya,0.0
city_Port Kristenside,0.0
city_Lake Thomasmouth,0.0
city_South Scotthaven,0.0
city_Lake Tami,0.0
city_Bryantstad,0.0
city_Port Monique,0.0
city_Joshuachester,0.0
city_Laurafurt,0.0
city_Bergstad,0.0
city_East Cathy,0.0
city_West Cameron,0.0
city_Port Meghanborough,0.0
city_West Xavierville,0.0
city_Lestad,0.0
city_Lake Matthewbury,0.0
city_Leefurt,0.0
city_West Brett,0.0
city_Lawrencefort,0.0
city_West Jonberg,0.0
city_Lorimouth,0.0
city_Staceytown,0.0
city_Lopezport,0.0
city_Nortonville,0.0
city_Lisaview,0.0
city_Port Rebeccaport,0.0
city_East Christopher,0.0
city_South Zachary,0.0
city_West Eddiebury,0.0
city_Cohenland,0.0
city_Lutzmouth,0.0
city_Lake Beckyton,0.0
city_Lucasfort,0.0
city_West Joe,0.0
city_Lowechester,0.0
city_Juliamouth,0.0
city_South Tracyborough,0.0
city_Colemanside,0.0
city_Marissamouth,0.0
city_Port Christineview,0.0
city_Margaretland,0.0
city_Port Stephaniechester,0.0
city_Annaville,0.0
city_North Samuelstad,0.0
city_Port Shannonmouth,0.0
city_Christinefurt,0.0
city_Aprilton,0.0
city_Port Jonathanshire,0.0
city_Apriltown,0.0
city_West Dennis,0.0
city_Port Samanthafort,0.0
city_East Yvetteland,0.0
city_Ashleyfurt,0.0
city_Porterland,0.0
city_Alexhaven,0.0
city_Lake Edwin,0.0
city_Alexandermouth,0.0
city_Stevenmouth,0.0
city_Albertberg,0.0
city_West Tonyahaven,0.0
city_West Deborah,0.0
city_Port Vanessa,0.0
city_Maystown,0.0
city_West Bobby,0.0
city_Matthewmouth,0.0
city_West Stephenmouth,0.0
city_Melindaport,0.0
city_Harrisonborough,0.0
city_Meghanburgh,0.0
city_Stephenborough,0.0
city_Medinafort,0.0
city_Youngborough,0.0
city_Mcmahontown,0.0
city_Odonnellside,0.0
city_Rachelhaven,0.0
city_East Meghanchester,0.0
city_South Devon,0.0
city_North Kennethview,0.0
city_Rachaelburgh,0.0
city_West Kennethland,0.0
city_East Brandonmouth,0.0
city_Pricemouth,0.0
city_Millerport,0.0
city_West Stephanie,0.0
city_Michelleside,0.0
city_Reginaport,0.0
city_Micheleland,0.0
city_West Colleen,0.0
city_Mullinstown,0.0
city_Rebeccatown,0.0
city_Morrowside,0.0
city_West Laura,0.0
city_West Jadeton,0.0
city_East Samuelview,0.0
city_Mooretown,0.0
city_Angelaborough,0.0
city_Randallland,0.0
city_Stricklandmouth,0.0
city_Nelsonburgh,0.0
city_Brianfort,0.0
city_Nathanielburgh,0.0
city_Vazquezside,0.0
city_Richside,0.0
city_Lake Alanfort,0.0
city_Richardshire,0.0
city_Richardmouth,0.0
city_New Bethville,0.0
city_Bradyfort,0.0
city_New Ariel,0.0
city_East Sharonmouth,0.0
city_Rhondatown,0.0
city_South Michelle,0.0
city_Reyesstad,0.0
city_Robinsonchester,0.0
city_New Crystal,0.0
city_East Ryan,0.0
city_Cindyberg,0.0
city_West Sean,0.0
city_Cindymouth,0.0
city_South Justinchester,0.0
city_New Elizabethberg,0.0
city_Brianville,0.0
city_Roberthaven,0.0
city_Jasonport,0.0
city_New Davidton,0.0
city_Tammyside,0.0
city_New Danielport,0.0
city_Port Ann,0.0
city_Robersonberg,0.0
city_Brandichester,0.0
city_New James,0.0
city_Tammieborough,0.0
city_East Amyfurt,0.0
city_Romerochester,0.0
city_New Erik,0.0
city_Pearsonside,0.0
city_Beasleyton,0.0
city_Sydneyton,0.0
city_Wilsonland,0.0
city_Sweeneyfort,0.0
city_New Jimmy,0.0
city_West Emily,0.0
city_New Kiara,0.0
city_Port Jenniferborough,0.0
city_New Kelly,0.0
city_Brandiland,0.0
city_Samuelfort,0.0
city_South Julianland,0.0
city_New Juliantown,0.0
city_Thomaschester,0.0
city_New Mariabury,0.0
city_Henryville,0.0
city_Russellport,0.0
city_Davisstad,0.0
city_Donaldfurt,0.0
city_Teresaland,0.0
city_New Kristiland,0.0
city_Ruizfort,0.0
city_New Pamela,0.0
city_Kaitlynchester,0.0
city_Shahfurt,0.0
city_Seanberg,0.0
city_New Michaelland,0.0
city_Brooksville,0.0
city_New Mark,0.0
city_Schroedermouth,0.0
city_Schneiderton,0.0
city_Vickiside,0.0
city_Saundersborough,0.0
city_West Monica,0.0
city_New Rachelborough,0.0
city_Franklinhaven,0.0
city_New Paul,0.0
city_Sandraview,0.0
city_Sanchezshire,0.0
city_Hortonburgh,0.0
city_New Shelbyfort,0.0
city_West Mitchell,0.0
city_Shelbymouth,0.0
city_North Michaeltown,0.0
city_Shawnstad,0.0
city_Bellview,0.0
city_New Tina,0.0
city_Port Darren,0.0
city_New Thomasfort,0.0
city_Sharonmouth,0.0
city_New Susanmouth,0.0
city_West Samuelmouth,0.0
city_Nicholasfort,0.0
city_Shaneborough,0.0
city_Shahport,0.0
city_Kimland,0.0
city_New Zacharyville,0.0
city_Timothyville,0.0
city_Singhport,0.0
city_Wrightland,0.0
city_North Amandaland,0.0
city_Tiffanyburgh,0.0
city_Deanbury,0.0
city_Hancockhaven,0.0
city_Sierratown,0.0
city_Kyleland,0.0
city_Nicholsberg,0.0
city_Cruzmouth,0.0
city_North Betty,0.0
city_Shellyville,0.0
city_North April,0.0
city_Kramerbury,0.0
city_Christinaborough,0.0
city_South Jasonmouth,0.0
city_North Amyland,0.0
city_Olsonhaven,0.0
city_Debrastad,0.0
city_Solomonchester,0.0
city_Deckerland,0.0
city_Fergusonshire,0.0
city_North Catherine,0.0
city_West Tylermouth,0.0
city_Smithshire,0.0
city_Cruztown,0.0
city_North Diane,0.0
city_Smithchester,0.0
city_North Denise,0.0
city_Lake Christophertown,0.0
city_Dennisborough,0.0
country_Saint Lucia,0.0
city_Dennistown,0.0
city_East Scottland,0.0
city_North Jameshaven,0.0
city_West Troyburgh,0.0
city_North Heather,0.0
city_Austinview,0.0
city_North Francisco,0.0
city_South Brianna,0.0
city_North Elizabethview,0.0
city_Tracifurt,0.0
city_South Autumn,0.0
city_Torresville,0.0
city_North Jesusmouth,0.0
city_Lake Gloriamouth,0.0
city_South Andrea,0.0
city_Torreschester,0.0
city_North Janet,0.0
city_Ericachester,0.0
city_North Kellyton,0.0
city_Brendanchester,0.0
city_North Karinaport,0.0
city_Colleenmouth,0.0
city_Davidshire,0.0
city_Walkerhaven,0.0
city_North Jonathanmouth,0.0
city_South Madisonfort,0.0
city_Adrianastad,0.0
city_North Tara,0.0
city_Davidtown,0.0
city_Amybury,0.0
city_Abigailstad,0.0
city_South Davidmouth,0.0
city_East Tara,0.0
city_Watsonside,0.0
city_North Lisaview,0.0
city_North Lisashire,0.0
city_South Edwin,0.0
city_Lake Alexandra,0.0
city_North Nicolefurt,0.0
city_North Thomasside,0.0
city_Ellistown,0.0
city_Webbtown,0.0
city_Farrellshire,0.0
city_North Paul,0.0
city_Ernesthaven,0.0
city_Franklinport,0.0
city_Vancehaven,0.0
city_North Robertville,0.0
city_Johnberg,0.0
city_North Rebecca,0.0
city_North Raymond,0.0
city_Danielport,0.0
city_Port Heatherside,0.0
city_Grantmouth,0.0
city_East Kaylaberg,0.0
city_East Micheleport,0.0
city_Jenniferland,0.0
city_Hansenfurt,0.0
city_North Shannon,0.0
city_Greenmouth,0.0
city_Justinshire,0.0
city_Hayesshire,0.0
city_West Tinaland,0.0
city_Harperland,0.0
city_Hollyshire,0.0
city_North Tracy,0.0
city_North Tommouth,0.0
city_South Davidshire,0.0
city_Lake Donaldchester,0.0
city_Holderland,0.0
city_South Jason,0.0
city_Ibarrastad,0.0
city_Andrewberg,0.0
city_Hudsonland,0.0
city_Bauerville,0.0
city_Jaimeton,0.0
city_East Maryville,0.0
city_Jacksonburgh,0.0
city_Paulbury,0.0
city_Janetside,0.0
city_Cynthiaborough,0.0
city_Patrickfort,0.0
city_Patrickburgh,0.0
city_East Katie,0.0
social_support,0.0
city_Jasonshire,0.0
city_Perryfurt,0.0
city_Andrewtown,0.0
city_Port Christianshire,0.0
city_Andersonbury,0.0
city_Pearsonland,0.0
city_East Kennethberg,0.0
city_Campbellfort,0.0
city_Johnsonchester,0.0
city_Wendytown,0.0
city_Jimenezville,0.0
city_Kristinport,0.0
city_Jonesburgh,0.0
city_Philipfort,0.0
city_Johnsonville,0.0
city_South Holly,0.0
city_Peterborough,0.0
city_South Kellyburgh,0.0
city_East Joan,0.0
city_Joannfurt,0.0
city_East Jordan,0.0
city_Port Allisonburgh,0.0
city_East Josephhaven,0.0
city_Lake Kayla,0.0
city_Karenshire,0.0
city_Williamsstad,0.0
city_Juliemouth,0.0
city_Cameronberg,0.0
city_East Jacobview,0.0
city_Bakerstad,0.0
city_Kylefort,0.0
city_Weaverport,0.0
city_Knighthaven,0.0
city_Port Davidview,0.0
city_Lake Barbaraville,0.0
city_Danielleville,0.0
city_Lake Amber,0.0
city_Blevinsland,0.0
city_Lake Chelseaton,0.0
city_East Heatherview,0.0
city_East Donaldtown,0.0
city_Port Glennchester,0.0
city_Colleenport,0.0
city_Campbellshire,0.0
city_East Eric,0.0
city_Port Edwardborough,0.0
city_Lake Elizabeth,0.0
city_Collinstown,0.0
city_Colleenshire,0.0
city_South Monicaburgh,0.0
city_Amymouth,0.0
city_West Anthony,0.0
city_East Heather,0.0
city_Port James,0.0
city_Lake Jasmine,0.0
city_Lake Kyle,0.0
city_Lake Garymouth,0.0
city_Port Jorge,0.0
city_Lake Johnport,0.0
city_Brenttown,0.0
city_Lake Laurahaven,0.0
city_Port Jessica,0.0
city_Lake Kelli,0.0
city_South Nathan,0.0
city_Lake Maurice,0.0
city_Port Kenneth,0.0
city_Lake Mariaton,0.0
city_Justinberg,0.0
city_Lake Monica,0.0
city_West Rebecca,0.0
city_Lake Michaelfurt,0.0
city_Lake Christinaburgh,0.0
city_Lake Ronnieland,0.0
city_Cooperport,0.0
city_Bryanland,0.0
city_Port Cameronhaven,0.0
city_Lake Susanfurt,0.0
city_Port Loganton,0.0
city_Lake Sarahbury,0.0
city_North Robert,0.0
city_Lake Timothy,0.0
city_Port Kimberlymouth,0.0
city_Port Moniqueborough,0.0
city_Feliciaborough,0.0
city_Port Michelle,0.0
city_Port Melissa,0.0
city_South Ryan,0.0
city_East Cynthia,0.0
city_Port Markhaven,0.0
city_Port Russell,0.0
city_Port Robertborough,0.0
city_North Tamiview,0.0
city_Lisaberg,0.0
city_Codytown,0.0
city_East Courtneyview,0.0
city_Paulachester,0.0
city_Colehaven,0.0
city_Jenniferburgh,0.0
city_Annamouth,0.0
city_Jamesview,0.0
city_Marcusbury,0.0
city_Veronicaport,0.0
city_Martinville,0.0
city_Wendyport,0.0
city_Port Samanthashire,0.0
city_Powellburgh,0.0
city_Ashleyhaven,0.0
city_Wellsborough,0.0
city_Port Williamfort,0.0
city_Christopherberg,0.0
city_Ashleytown,0.0
city_Port Brendaville,0.0
city_Masonport,0.0
city_West Tony,0.0
city_East Ashleyberg,0.0
city_Stephanieside,0.0
city_Michaelport,0.0
city_Stephaniechester,0.0
city_Mendozahaven,0.0
city_Port Jessicaland,0.0
city_Mirandastad,0.0
city_Susanshire,0.0
city_East Brendachester,0.0
city_Susanfort,0.0
city_East Brent,0.0
city_Susanberg,0.0
city_Randytown,0.0
city_Petersville,0.0
city_Christyburgh,0.0
city_Robbinsborough,0.0
city_Nancymouth,0.0
city_Paulview,0.0
city_New Brandon,0.0
city_Briannafort,0.0
city_Dunnfort,0.0
city_Jenningsland,0.0
city_New Dana,0.0
city_Robinsonborough,0.0
city_New Carolfort,0.0
city_Hawkinsbury,0.0
city_New Eddieshire,0.0
city_Fryside,0.0
city_New Davidchester,0.0
city_North Troyhaven,0.0
city_New Jamesport,0.0
city_Roseborough,0.0
city_New Erin,0.0
city_Valeriechester,0.0
city_Woodburgh,0.0
city_Charlottebury,0.0
city_New Jeremyton,0.0
city_East Craig,0.0
city_New Kaylabury,0.0
city_Danielleberg,0.0
city_Ryanside,0.0
city_Warrenfort,0.0
country_Guinea,0.0
city_Chelseachester,0.0
city_New Kristenfort,0.0
city_North Nicole,0.0
city_New Michaelview,0.0
city_Cheyenneside,0.0
city_Donaldstad,0.0
city_Beckland,0.0
city_Taramouth,0.0
city_Sarahaven,0.0
city_New Stephen,0.0
city_Henryberg,0.0
city_Shelbyton,0.0
city_Shawside,0.0
city_Donovanmouth,0.0
city_Brandonstad,0.0
city_New Tammyfort,0.0
city_Toddland,0.0
city_Nicholasberg,0.0
city_East Jasmineborough,0.0
city_New Williamfurt,0.0
city_Singhbury,0.0
city_North Alyssa,0.0
city_North Timothyside,0.0
city_Nicoleton,0.0
city_Benjaminburgh,0.0
city_North Barbarafort,0.0
city_Lake David,0.0
city_Thomasside,0.0
city_Thomasshire,0.0
city_North Cody,0.0
city_West Yeseniaburgh,0.0
city_North Caroline,0.0
city_Hensonton,0.0
city_North Dennisburgh,0.0
city_Jordanside,0.0
city_North Davidton,0.0
city_West Michael,0.0
city_North Jacquelineville,0.0
city_Brendaberg,0.0
city_North Erinton,0.0
city_South Barbarafurt,0.0
city_North Jimmy,0.0
city_Danton,0.0
city_Davidland,0.0
city_Charlesberg,0.0
city_North Kayla,0.0
city_East Shannon,0.0
city_North Josephfort,0.0
city_Flowersburgh,0.0
city_North Randall,0.0
city_Lake Amyland,0.0
city_Wagnerchester,0.0
city_Fredshire,0.0
city_Edwardborough,0.0
city_East Nathan,0.0
city_Emilytown,0.0
city_South Deniseview,0.0
city_Evansmouth,0.0
city_Fosterstad,0.0
city_Hernandeztown,0.0
city_Gambleview,0.0
city_Calderonstad,0.0
city_East Stephenside,0.0
city_South Ernest,0.0
city_Hallbury,0.0
city_East Leslietown,0.0
city_Weaverborough,0.0
city_North Trevor,0.0
city_Hendricksmouth,0.0
city_Kirbytown,0.0
city_Hodgesbury,0.0
city_East Matthewchester,0.0
city_Jameschester,0.0
city_West Rhonda,0.0
city_Jasonburgh,0.0
city_Josephstad,0.0
city_Jenniferborough,0.0
city_Joshuaton,0.0
city_Angelaville,0.0
city_Katherinemouth,0.0
city_Jeremyfurt,0.0
city_East Jessicaburgh,0.0
city_Port Aaronmouth,0.0
city_West Tiffanystad,0.0
city_Johnville,0.0
city_Port Carolhaven,0.0
city_Jordanchester,0.0
city_North Paulaburgh,0.0
city_Joshuafurt,0.0
city_Port Henryfurt,0.0
city_East Joshuamouth,0.0
city_Port Carol,0.0
city_Welchside,0.0
city_West Brandon,0.0
city_East Jennachester,0.0
city_Port Danielhaven,0.0
city_Lake Alexander,0.0
city_Lake Diana,0.0
city_Lake Bobbyshire,0.0
city_Port Eugeneside,0.0
city_Lake Christina,0.0
city_Whitestad,0.0
city_Port Jeffreyberg,0.0
city_Port Jamieshire,0.0
city_Lake Jeanland,0.0
city_Jonland,0.0
city_Lake Julie,0.0
city_South Michael,0.0
city_East Curtis,0.0
city_Jenniferton,0.0
city_Lake Matthew,0.0
city_West Cody,0.0
city_East Dave,0.0
city_South Marcus,0.0
city_Lake Rachaelland,0.0
city_Wendymouth,0.0
city_East Dennis,0.0
city_West Christinemouth,0.0
city_Lake Tammyburgh,0.0
city_Port Molly,0.0
city_East Chad,0.0
city_Lake Kara,0.0
city_Laurenton,0.0
city_West Brendastad,0.0
city_Lindatown,0.0
city_Williamsfurt,0.0
city_South Troy,0.0
city_Port Steven,0.0
city_Port Shawn,0.0
city_Port Frank,0.0
city_Markton,0.0
city_Whiteberg,0.0
city_Ashleyshire,0.0
city_Edgarfurt,0.0
city_Melanieview,0.0
city_Ralphborough,0.0
city_East Benjamin,0.0
city_Lake Bonnietown,0.0
city_Miguelside,0.0
city_Reedside,0.0
city_Raymondhaven,0.0
city_Hansonberg,0.0
city_Nealside,0.0
city_Richardville,0.0
city_Duaneburgh,0.0
city_Port Eric,0.0
city_New Corymouth,0.0
city_Cisnerosview,0.0
city_New Derekberg,0.0
city_Hardymouth,0.0
city_East Amandaport,0.0
city_West Eric,0.0
city_Wrightfort,0.0
city_South Nancy,0.0
city_New Kaitlynside,0.0
city_West Edwin,0.0
city_New Kristinchester,0.0
city_Austinfurt,0.0
city_New Meghanbury,0.0
city_Saunderston,0.0
city_New Petermouth,0.0
city_Williamhaven,0.0
city_New Sarah,0.0
city_Christensenview,0.0
city_New Summerview,0.0
city_Barbaraberg,0.0
city_New Vanessa,0.0
city_Silvaberg,0.0
city_Nicholashaven,0.0
city_West Arielburgh,0.0
city_North Amberborough,0.0
city_West Micheal,0.0
city_North Brettfort,0.0
city_Bakermouth,0.0
city_North Dale,0.0
city_South Carol,0.0
city_North Donaldberg,0.0
city_Gardnerburgh,0.0
city_North Jamesport,0.0
city_South David,0.0
city_North Johnport,0.0
city_Brennanmouth,0.0
city_East Tyler,0.0
city_Garciaborough,0.0
city_Davisview,0.0
city_Gabrielshire,0.0
city_South Grace,0.0
city_Harperfurt,0.0
city_Jenkinstown,0.0
city_Hernandezmouth,0.0
city_Knightstad,0.0
city_East Matthewberg,0.0
city_Port Elizabethville,0.0
city_East Karenmouth,0.0
city_Andrewsville,0.0
city_Katrinamouth,0.0
city_North Sandra,0.0
city_Jillianhaven,0.0
city_Petersport,0.0
city_Port Andrew,0.0
city_East Jasminetown,0.0
city_East Heidi,0.0
city_South Melody,0.0
city_Lake Antoniotown,0.0
city_West Becky,0.0
city_Lake Cody,0.0
city_South Morganside,0.0
city_Amandaville,0.0
city_Jonathanhaven,0.0
city_Lake Jesse,0.0
city_Jamesborough,0.0
city_Lake Lisa,0.0
city_Danabury,0.0
city_West Randytown,0.0
city_Port Kristinville,0.0
city_Lauramouth,0.0
city_Port Jamie,0.0
city_Loganbury,0.0
city_Port Nicole,0.0
city_Mariashire,0.0
city_North Stacey,0.0
city_Stevensfort,0.0
city_Stephensfurt,0.0
city_Meadowsport,0.0
city_Jenniferbury,0.0
city_Michaelview,0.0
city_Stuarthaven,0.0
city_Munozside,0.0
city_East Valerie,0.0
city_New Emilyton,0.0
city_West Erik,0.0
city_Rogerston,0.0
city_Caseyburgh,0.0
city_Ryanberg,0.0
city_Brittneyhaven,0.0
city_New Reneeview,0.0
city_West Jenniferville,0.0
city_Doughertyberg,0.0
city_Smithbury,0.0
city_North Adam,0.0
city_Lake Bryanmouth,0.0
city_West Jameshaven,0.0
city_West Michaelport,0.0
city_North Glendabury,0.0
city_Vanessaview,0.0
city_Tommymouth,0.0
city_Charlesland,0.0
city_East Richard,0.0
city_Greeneburgh,0.0
city_North Tinaville,0.0
city_North Tiffany,0.0
city_Jillton,0.0
city_Jeffport,0.0
city_Burnsfort,0.0
city_Johnsonland,0.0
city_Campbellchester,0.0
city_Kristamouth,0.0
city_Port Claudiachester,0.0
city_Port Diane,0.0
city_South Kyleburgh,0.0
city_South Richard,0.0
city_Cookville,0.0
city_Lake Troystad,0.0
city_Lake Colleenborough,0.0
city_Luisland,0.0
city_West Jessicaton,0.0
city_Port Timothyville,0.0
city_West Lisaville,0.0
city_Moorechester,0.0
city_West Haley,0.0
city_New Jeanette,0.0
city_Weisston,0.0
city_New Nicholas,0.0
city_Shellyside,0.0
city_Dayhaven,0.0
city_Port Amandaborough,0.0
city_Chandlerchester,0.0
city_Carlside,0.0
city_Adamborough,0.0
city_Heatherfort,0.0
city_Ochoaborough,0.0
city_Jennifershire,0.0
city_Kimbury,0.0
city_Lake Carl,0.0
city_Camposborough,0.0
city_Lake Melissa,0.0
city_Jenkinshaven,0.0
city_Martinezland,0.0
city_West Crystal,0.0
city_New Andrew,0.0
city_West Kevinside,0.0
city_New Stacey,0.0
city_Hallchester,0.0
city_South Angela,0.0
city_East Maxwell,0.0
city_East Matthew,0.0
city_Lake Hannahberg,0.0
city_Waltonport,0.0
city_Melissahaven,0.0
city_Susanview,0.0
city_Thomaston,0.0
city_Caldwellbury,0.0
city_West Peter,0.0
city_Robinsontown,0.0
city_South Russell,0.0
city_Davidville,0.0
city_Averyburgh,0.0
city_Daviesshire,0.0
city_Austinmouth,0.0
city_Aaronmouth,0.0
city_Beckershire,0.0
city_Davisburgh,0.0
city_East Stevenview,0.0
city_Ballardmouth,0.0
city_New Jonathanmouth,0.0
city_Wrightborough,0.0
city_New Johnville,0.0
city_Wolfeton,0.0
city_New Johnstad,0.0
city_Wolfberg,0.0
city_New Johnport,0.0
city_Williamview,0.0
city_New Johnmouth,0.0
country_Germany,0.0
city_New Johnland,0.0
city_New John,0.0
